--
-- PostgreSQL database dump
--

-- Dumped from database version 14.17 (Homebrew)
-- Dumped by pg_dump version 14.17 (Homebrew)

SET statement_timeout = 0;
SET lock_timeout = 0;
SET idle_in_transaction_session_timeout = 0;
SET client_encoding = 'UTF8';
SET standard_conforming_strings = on;
SELECT pg_catalog.set_config('search_path', '', false);
SET check_function_bodies = false;
SET xmloption = content;
SET client_min_messages = warning;
SET row_security = off;

--
-- Name: post_status; Type: TYPE; Schema: public; Owner: nickfiddes
--

CREATE TYPE public.post_status AS ENUM (
    'draft',
    'in_process',
    'published',
    'archived',
    'deleted'
);


ALTER TYPE public.post_status OWNER TO nickfiddes;

--
-- Name: poststatus; Type: TYPE; Schema: public; Owner: nickfiddes
--

CREATE TYPE public.poststatus AS ENUM (
    'draft',
    'in_process',
    'published',
    'archived'
);


ALTER TYPE public.poststatus OWNER TO nickfiddes;

--
-- Name: prompt_part_type; Type: TYPE; Schema: public; Owner: nickfiddes
--

CREATE TYPE public.prompt_part_type AS ENUM (
    'system',
    'style',
    'instructions',
    'user',
    'assistant',
    'other'
);


ALTER TYPE public.prompt_part_type OWNER TO nickfiddes;

--
-- Name: prompt_role_type; Type: TYPE; Schema: public; Owner: nickfiddes
--

CREATE TYPE public.prompt_role_type AS ENUM (
    'system',
    'user',
    'assistant',
    'tool',
    'function',
    'other'
);


ALTER TYPE public.prompt_role_type OWNER TO nickfiddes;

--
-- Name: provider_type_enum; Type: TYPE; Schema: public; Owner: nickfiddes
--

CREATE TYPE public.provider_type_enum AS ENUM (
    'openai',
    'ollama',
    'other'
);


ALTER TYPE public.provider_type_enum OWNER TO nickfiddes;

--
-- Name: workflow_status_enum; Type: TYPE; Schema: public; Owner: nickfiddes
--

CREATE TYPE public.workflow_status_enum AS ENUM (
    'draft',
    'published',
    'review',
    'deleted'
);


ALTER TYPE public.workflow_status_enum OWNER TO nickfiddes;

--
-- Name: workflowstage; Type: TYPE; Schema: public; Owner: nickfiddes
--

CREATE TYPE public.workflowstage AS ENUM (
    'idea',
    'research',
    'outlining',
    'authoring',
    'images',
    'metadata',
    'review',
    'publishing',
    'updates',
    'syndication'
);


ALTER TYPE public.workflowstage OWNER TO nickfiddes;

--
-- Name: update_updated_at_column(); Type: FUNCTION; Schema: public; Owner: nickfiddes
--

CREATE FUNCTION public.update_updated_at_column() RETURNS trigger
    LANGUAGE plpgsql
    AS $$
BEGIN
    NEW.updated_at = CURRENT_TIMESTAMP;
    RETURN NEW;
END;
$$;


ALTER FUNCTION public.update_updated_at_column() OWNER TO nickfiddes;

--
-- Name: update_workflow_updated_at_column(); Type: FUNCTION; Schema: public; Owner: nickfiddes
--

CREATE FUNCTION public.update_workflow_updated_at_column() RETURNS trigger
    LANGUAGE plpgsql
    AS $$
BEGIN
    NEW.updated = CURRENT_TIMESTAMP;
    RETURN NEW;
END;
$$;


ALTER FUNCTION public.update_workflow_updated_at_column() OWNER TO nickfiddes;

SET default_tablespace = '';

SET default_table_access_method = heap;

--
-- Name: category; Type: TABLE; Schema: public; Owner: nickfiddes
--

CREATE TABLE public.category (
    id integer NOT NULL,
    name character varying(50) NOT NULL,
    slug character varying(50) NOT NULL,
    description text
);


ALTER TABLE public.category OWNER TO nickfiddes;

--
-- Name: category_id_seq; Type: SEQUENCE; Schema: public; Owner: nickfiddes
--

CREATE SEQUENCE public.category_id_seq
    AS integer
    START WITH 1
    INCREMENT BY 1
    NO MINVALUE
    NO MAXVALUE
    CACHE 1;


ALTER TABLE public.category_id_seq OWNER TO nickfiddes;

--
-- Name: category_id_seq; Type: SEQUENCE OWNED BY; Schema: public; Owner: nickfiddes
--

ALTER SEQUENCE public.category_id_seq OWNED BY public.category.id;


--
-- Name: image; Type: TABLE; Schema: public; Owner: nickfiddes
--

CREATE TABLE public.image (
    id integer NOT NULL,
    filename character varying(255) NOT NULL,
    original_filename character varying(255),
    path character varying(255) NOT NULL,
    alt_text character varying(255),
    caption text,
    image_prompt text,
    notes text,
    image_metadata jsonb,
    watermarked boolean DEFAULT false,
    watermarked_path character varying(255),
    created_at timestamp without time zone DEFAULT CURRENT_TIMESTAMP,
    updated_at timestamp without time zone DEFAULT CURRENT_TIMESTAMP
);


ALTER TABLE public.image OWNER TO nickfiddes;

--
-- Name: image_format; Type: TABLE; Schema: public; Owner: nickfiddes
--

CREATE TABLE public.image_format (
    id integer NOT NULL,
    title character varying(100) NOT NULL,
    description character varying(255),
    width integer,
    height integer,
    steps integer,
    guidance_scale double precision,
    extra_settings text,
    created_at timestamp without time zone DEFAULT CURRENT_TIMESTAMP,
    updated_at timestamp without time zone DEFAULT CURRENT_TIMESTAMP
);


ALTER TABLE public.image_format OWNER TO nickfiddes;

--
-- Name: image_format_id_seq; Type: SEQUENCE; Schema: public; Owner: nickfiddes
--

CREATE SEQUENCE public.image_format_id_seq
    AS integer
    START WITH 1
    INCREMENT BY 1
    NO MINVALUE
    NO MAXVALUE
    CACHE 1;


ALTER TABLE public.image_format_id_seq OWNER TO nickfiddes;

--
-- Name: image_format_id_seq; Type: SEQUENCE OWNED BY; Schema: public; Owner: nickfiddes
--

ALTER SEQUENCE public.image_format_id_seq OWNED BY public.image_format.id;


--
-- Name: image_id_seq; Type: SEQUENCE; Schema: public; Owner: nickfiddes
--

CREATE SEQUENCE public.image_id_seq
    AS integer
    START WITH 1
    INCREMENT BY 1
    NO MINVALUE
    NO MAXVALUE
    CACHE 1;


ALTER TABLE public.image_id_seq OWNER TO nickfiddes;

--
-- Name: image_id_seq; Type: SEQUENCE OWNED BY; Schema: public; Owner: nickfiddes
--

ALTER SEQUENCE public.image_id_seq OWNED BY public.image.id;


--
-- Name: image_prompt_example; Type: TABLE; Schema: public; Owner: nickfiddes
--

CREATE TABLE public.image_prompt_example (
    id integer NOT NULL,
    description text NOT NULL,
    style_id integer NOT NULL,
    format_id integer NOT NULL,
    provider character varying(50) NOT NULL,
    image_setting_id integer,
    created_at timestamp without time zone DEFAULT CURRENT_TIMESTAMP,
    updated_at timestamp without time zone DEFAULT CURRENT_TIMESTAMP
);


ALTER TABLE public.image_prompt_example OWNER TO nickfiddes;

--
-- Name: image_prompt_example_id_seq; Type: SEQUENCE; Schema: public; Owner: nickfiddes
--

CREATE SEQUENCE public.image_prompt_example_id_seq
    AS integer
    START WITH 1
    INCREMENT BY 1
    NO MINVALUE
    NO MAXVALUE
    CACHE 1;


ALTER TABLE public.image_prompt_example_id_seq OWNER TO nickfiddes;

--
-- Name: image_prompt_example_id_seq; Type: SEQUENCE OWNED BY; Schema: public; Owner: nickfiddes
--

ALTER SEQUENCE public.image_prompt_example_id_seq OWNED BY public.image_prompt_example.id;


--
-- Name: image_setting; Type: TABLE; Schema: public; Owner: nickfiddes
--

CREATE TABLE public.image_setting (
    id integer NOT NULL,
    name character varying(100) NOT NULL,
    style_id integer NOT NULL,
    format_id integer NOT NULL,
    width integer,
    height integer,
    steps integer,
    guidance_scale double precision,
    extra_settings text,
    created_at timestamp without time zone DEFAULT CURRENT_TIMESTAMP,
    updated_at timestamp without time zone DEFAULT CURRENT_TIMESTAMP
);


ALTER TABLE public.image_setting OWNER TO nickfiddes;

--
-- Name: image_setting_id_seq; Type: SEQUENCE; Schema: public; Owner: nickfiddes
--

CREATE SEQUENCE public.image_setting_id_seq
    AS integer
    START WITH 1
    INCREMENT BY 1
    NO MINVALUE
    NO MAXVALUE
    CACHE 1;


ALTER TABLE public.image_setting_id_seq OWNER TO nickfiddes;

--
-- Name: image_setting_id_seq; Type: SEQUENCE OWNED BY; Schema: public; Owner: nickfiddes
--

ALTER SEQUENCE public.image_setting_id_seq OWNED BY public.image_setting.id;


--
-- Name: image_style; Type: TABLE; Schema: public; Owner: nickfiddes
--

CREATE TABLE public.image_style (
    id integer NOT NULL,
    title character varying(100) NOT NULL,
    description text,
    created_at timestamp without time zone DEFAULT CURRENT_TIMESTAMP,
    updated_at timestamp without time zone DEFAULT CURRENT_TIMESTAMP
);


ALTER TABLE public.image_style OWNER TO nickfiddes;

--
-- Name: image_style_id_seq; Type: SEQUENCE; Schema: public; Owner: nickfiddes
--

CREATE SEQUENCE public.image_style_id_seq
    AS integer
    START WITH 1
    INCREMENT BY 1
    NO MINVALUE
    NO MAXVALUE
    CACHE 1;


ALTER TABLE public.image_style_id_seq OWNER TO nickfiddes;

--
-- Name: image_style_id_seq; Type: SEQUENCE OWNED BY; Schema: public; Owner: nickfiddes
--

ALTER SEQUENCE public.image_style_id_seq OWNED BY public.image_style.id;


--
-- Name: llm_action; Type: TABLE; Schema: public; Owner: nickfiddes
--

CREATE TABLE public.llm_action (
    id integer NOT NULL,
    field_name character varying(128) NOT NULL,
    prompt_template text NOT NULL,
    prompt_template_id integer NOT NULL,
    llm_model character varying(128) NOT NULL,
    temperature double precision DEFAULT 0.7,
    max_tokens integer DEFAULT 1000,
    "order" integer DEFAULT 0 NOT NULL,
    created_at timestamp without time zone DEFAULT CURRENT_TIMESTAMP,
    updated_at timestamp without time zone DEFAULT CURRENT_TIMESTAMP,
    input_field character varying(128),
    output_field character varying(128)
);


ALTER TABLE public.llm_action OWNER TO nickfiddes;

--
-- Name: llm_action_history; Type: TABLE; Schema: public; Owner: nickfiddes
--

CREATE TABLE public.llm_action_history (
    id integer NOT NULL,
    action_id integer NOT NULL,
    post_id integer NOT NULL,
    input_text text NOT NULL,
    output_text text,
    status character varying(50) DEFAULT 'pending'::character varying,
    error_message text,
    created_at timestamp without time zone DEFAULT CURRENT_TIMESTAMP
);


ALTER TABLE public.llm_action_history OWNER TO nickfiddes;

--
-- Name: llm_action_history_id_seq; Type: SEQUENCE; Schema: public; Owner: nickfiddes
--

CREATE SEQUENCE public.llm_action_history_id_seq
    AS integer
    START WITH 1
    INCREMENT BY 1
    NO MINVALUE
    NO MAXVALUE
    CACHE 1;


ALTER TABLE public.llm_action_history_id_seq OWNER TO nickfiddes;

--
-- Name: llm_action_history_id_seq; Type: SEQUENCE OWNED BY; Schema: public; Owner: nickfiddes
--

ALTER SEQUENCE public.llm_action_history_id_seq OWNED BY public.llm_action_history.id;


--
-- Name: llm_action_id_seq; Type: SEQUENCE; Schema: public; Owner: nickfiddes
--

CREATE SEQUENCE public.llm_action_id_seq
    AS integer
    START WITH 1
    INCREMENT BY 1
    NO MINVALUE
    NO MAXVALUE
    CACHE 1;


ALTER TABLE public.llm_action_id_seq OWNER TO nickfiddes;

--
-- Name: llm_action_id_seq; Type: SEQUENCE OWNED BY; Schema: public; Owner: nickfiddes
--

ALTER SEQUENCE public.llm_action_id_seq OWNED BY public.llm_action.id;


--
-- Name: llm_interaction; Type: TABLE; Schema: public; Owner: nickfiddes
--

CREATE TABLE public.llm_interaction (
    id integer NOT NULL,
    prompt_id integer,
    input_text text NOT NULL,
    output_text text,
    parameters_used jsonb,
    interaction_metadata jsonb,
    created_at timestamp without time zone DEFAULT CURRENT_TIMESTAMP
);


ALTER TABLE public.llm_interaction OWNER TO nickfiddes;

--
-- Name: llm_interaction_id_seq; Type: SEQUENCE; Schema: public; Owner: nickfiddes
--

CREATE SEQUENCE public.llm_interaction_id_seq
    AS integer
    START WITH 1
    INCREMENT BY 1
    NO MINVALUE
    NO MAXVALUE
    CACHE 1;


ALTER TABLE public.llm_interaction_id_seq OWNER TO nickfiddes;

--
-- Name: llm_interaction_id_seq; Type: SEQUENCE OWNED BY; Schema: public; Owner: nickfiddes
--

ALTER SEQUENCE public.llm_interaction_id_seq OWNED BY public.llm_interaction.id;


--
-- Name: llm_model; Type: TABLE; Schema: public; Owner: nickfiddes
--

CREATE TABLE public.llm_model (
    id integer NOT NULL,
    name character varying(128) NOT NULL,
    provider_id integer NOT NULL,
    description text,
    strengths text,
    weaknesses text,
    api_params jsonb,
    created_at timestamp without time zone DEFAULT CURRENT_TIMESTAMP,
    updated_at timestamp without time zone DEFAULT CURRENT_TIMESTAMP
);


ALTER TABLE public.llm_model OWNER TO nickfiddes;

--
-- Name: llm_model_id_seq; Type: SEQUENCE; Schema: public; Owner: nickfiddes
--

CREATE SEQUENCE public.llm_model_id_seq
    AS integer
    START WITH 1
    INCREMENT BY 1
    NO MINVALUE
    NO MAXVALUE
    CACHE 1;


ALTER TABLE public.llm_model_id_seq OWNER TO nickfiddes;

--
-- Name: llm_model_id_seq; Type: SEQUENCE OWNED BY; Schema: public; Owner: nickfiddes
--

ALTER SEQUENCE public.llm_model_id_seq OWNED BY public.llm_model.id;


--
-- Name: llm_prompt; Type: TABLE; Schema: public; Owner: nickfiddes
--

CREATE TABLE public.llm_prompt (
    id integer NOT NULL,
    name character varying(100) NOT NULL,
    description text,
    prompt_text text NOT NULL,
    system_prompt text,
    parameters jsonb,
    "order" integer DEFAULT 0 NOT NULL,
    created_at timestamp without time zone DEFAULT CURRENT_TIMESTAMP,
    updated_at timestamp without time zone DEFAULT CURRENT_TIMESTAMP
);


ALTER TABLE public.llm_prompt OWNER TO nickfiddes;

--
-- Name: llm_prompt_id_seq; Type: SEQUENCE; Schema: public; Owner: nickfiddes
--

CREATE SEQUENCE public.llm_prompt_id_seq
    AS integer
    START WITH 1
    INCREMENT BY 1
    NO MINVALUE
    NO MAXVALUE
    CACHE 1;


ALTER TABLE public.llm_prompt_id_seq OWNER TO nickfiddes;

--
-- Name: llm_prompt_id_seq; Type: SEQUENCE OWNED BY; Schema: public; Owner: nickfiddes
--

ALTER SEQUENCE public.llm_prompt_id_seq OWNED BY public.llm_prompt.id;


--
-- Name: llm_prompt_part; Type: TABLE; Schema: public; Owner: nickfiddes
--

CREATE TABLE public.llm_prompt_part (
    id integer NOT NULL,
    type character varying(32) NOT NULL,
    content text NOT NULL,
    tags text[],
    "order" integer DEFAULT 0 NOT NULL,
    created_at timestamp without time zone DEFAULT CURRENT_TIMESTAMP,
    updated_at timestamp without time zone DEFAULT CURRENT_TIMESTAMP,
    name character varying(128),
    action_id integer,
    description text
);


ALTER TABLE public.llm_prompt_part OWNER TO nickfiddes;

--
-- Name: llm_prompt_part_id_seq; Type: SEQUENCE; Schema: public; Owner: nickfiddes
--

CREATE SEQUENCE public.llm_prompt_part_id_seq
    AS integer
    START WITH 1
    INCREMENT BY 1
    NO MINVALUE
    NO MAXVALUE
    CACHE 1;


ALTER TABLE public.llm_prompt_part_id_seq OWNER TO nickfiddes;

--
-- Name: llm_prompt_part_id_seq; Type: SEQUENCE OWNED BY; Schema: public; Owner: nickfiddes
--

ALTER SEQUENCE public.llm_prompt_part_id_seq OWNED BY public.llm_prompt_part.id;


--
-- Name: llm_provider; Type: TABLE; Schema: public; Owner: nickfiddes
--

CREATE TABLE public.llm_provider (
    id integer NOT NULL,
    name character varying(128) NOT NULL,
    type character varying(64) DEFAULT 'local'::character varying NOT NULL,
    api_url text,
    auth_token text,
    description text,
    created_at timestamp without time zone DEFAULT CURRENT_TIMESTAMP,
    updated_at timestamp without time zone DEFAULT CURRENT_TIMESTAMP
);


ALTER TABLE public.llm_provider OWNER TO nickfiddes;

--
-- Name: llm_provider_id_seq; Type: SEQUENCE; Schema: public; Owner: nickfiddes
--

CREATE SEQUENCE public.llm_provider_id_seq
    AS integer
    START WITH 1
    INCREMENT BY 1
    NO MINVALUE
    NO MAXVALUE
    CACHE 1;


ALTER TABLE public.llm_provider_id_seq OWNER TO nickfiddes;

--
-- Name: llm_provider_id_seq; Type: SEQUENCE OWNED BY; Schema: public; Owner: nickfiddes
--

ALTER SEQUENCE public.llm_provider_id_seq OWNED BY public.llm_provider.id;


--
-- Name: post; Type: TABLE; Schema: public; Owner: nickfiddes
--

CREATE TABLE public.post (
    id integer NOT NULL,
    title character varying(200) NOT NULL,
    slug character varying(200) NOT NULL,
    summary text,
    created_at timestamp without time zone DEFAULT CURRENT_TIMESTAMP,
    updated_at timestamp without time zone DEFAULT CURRENT_TIMESTAMP,
    header_image_id integer,
    status public.post_status DEFAULT 'draft'::public.post_status NOT NULL,
    idea_seed text,
    substage_id integer
);


ALTER TABLE public.post OWNER TO nickfiddes;

--
-- Name: post_categories; Type: TABLE; Schema: public; Owner: nickfiddes
--

CREATE TABLE public.post_categories (
    post_id integer NOT NULL,
    category_id integer NOT NULL
);


ALTER TABLE public.post_categories OWNER TO nickfiddes;

--
-- Name: post_development; Type: TABLE; Schema: public; Owner: nickfiddes
--

CREATE TABLE public.post_development (
    id integer NOT NULL,
    post_id integer NOT NULL,
    basic_idea text,
    provisional_title text,
    idea_scope text,
    topics_to_cover text,
    interesting_facts text,
    tartans_products text,
    section_planning text,
    section_headings text,
    section_order text,
    main_title text,
    subtitle text,
    intro_blurb text,
    conclusion text,
    basic_metadata text,
    tags text,
    categories text,
    image_captions text,
    seo_optimization text,
    self_review text,
    peer_review text,
    final_check text,
    scheduling text,
    deployment text,
    verification text,
    feedback_collection text,
    content_updates text,
    version_control text,
    platform_selection text,
    content_adaptation text,
    distribution text,
    engagement_tracking text
);


ALTER TABLE public.post_development OWNER TO nickfiddes;

--
-- Name: post_development_id_seq; Type: SEQUENCE; Schema: public; Owner: nickfiddes
--

CREATE SEQUENCE public.post_development_id_seq
    AS integer
    START WITH 1
    INCREMENT BY 1
    NO MINVALUE
    NO MAXVALUE
    CACHE 1;


ALTER TABLE public.post_development_id_seq OWNER TO nickfiddes;

--
-- Name: post_development_id_seq; Type: SEQUENCE OWNED BY; Schema: public; Owner: nickfiddes
--

ALTER SEQUENCE public.post_development_id_seq OWNED BY public.post_development.id;


--
-- Name: post_id_seq; Type: SEQUENCE; Schema: public; Owner: nickfiddes
--

CREATE SEQUENCE public.post_id_seq
    AS integer
    START WITH 1
    INCREMENT BY 1
    NO MINVALUE
    NO MAXVALUE
    CACHE 1;


ALTER TABLE public.post_id_seq OWNER TO nickfiddes;

--
-- Name: post_id_seq; Type: SEQUENCE OWNED BY; Schema: public; Owner: nickfiddes
--

ALTER SEQUENCE public.post_id_seq OWNED BY public.post.id;


--
-- Name: post_section; Type: TABLE; Schema: public; Owner: nickfiddes
--

CREATE TABLE public.post_section (
    id integer NOT NULL,
    post_id integer NOT NULL,
    section_order integer,
    section_heading text,
    ideas_to_include text,
    facts_to_include text,
    first_draft text,
    uk_british text,
    highlighting text,
    image_concepts text,
    image_prompts text,
    generation text,
    optimization text,
    watermarking text,
    image_meta_descriptions text,
    image_captions text,
    image_prompt_example_id integer,
    generated_image_url character varying(512),
    image_generation_metadata jsonb,
    image_id integer
);


ALTER TABLE public.post_section OWNER TO nickfiddes;

--
-- Name: post_section_id_seq; Type: SEQUENCE; Schema: public; Owner: nickfiddes
--

CREATE SEQUENCE public.post_section_id_seq
    AS integer
    START WITH 1
    INCREMENT BY 1
    NO MINVALUE
    NO MAXVALUE
    CACHE 1;


ALTER TABLE public.post_section_id_seq OWNER TO nickfiddes;

--
-- Name: post_section_id_seq; Type: SEQUENCE OWNED BY; Schema: public; Owner: nickfiddes
--

ALTER SEQUENCE public.post_section_id_seq OWNED BY public.post_section.id;


--
-- Name: post_substage_action; Type: TABLE; Schema: public; Owner: nickfiddes
--

CREATE TABLE public.post_substage_action (
    id integer NOT NULL,
    post_id integer,
    substage character varying(64) NOT NULL,
    action_id integer,
    button_label text,
    button_order integer DEFAULT 0
);


ALTER TABLE public.post_substage_action OWNER TO nickfiddes;

--
-- Name: post_substage_action_id_seq; Type: SEQUENCE; Schema: public; Owner: nickfiddes
--

CREATE SEQUENCE public.post_substage_action_id_seq
    AS integer
    START WITH 1
    INCREMENT BY 1
    NO MINVALUE
    NO MAXVALUE
    CACHE 1;


ALTER TABLE public.post_substage_action_id_seq OWNER TO nickfiddes;

--
-- Name: post_substage_action_id_seq; Type: SEQUENCE OWNED BY; Schema: public; Owner: nickfiddes
--

ALTER SEQUENCE public.post_substage_action_id_seq OWNED BY public.post_substage_action.id;


--
-- Name: post_tags; Type: TABLE; Schema: public; Owner: nickfiddes
--

CREATE TABLE public.post_tags (
    post_id integer NOT NULL,
    tag_id integer NOT NULL
);


ALTER TABLE public.post_tags OWNER TO nickfiddes;

--
-- Name: post_workflow_stage; Type: TABLE; Schema: public; Owner: nickfiddes
--

CREATE TABLE public.post_workflow_stage (
    id integer NOT NULL,
    post_id integer,
    stage_id integer,
    started_at timestamp without time zone,
    completed_at timestamp without time zone,
    status character varying(32)
);


ALTER TABLE public.post_workflow_stage OWNER TO nickfiddes;

--
-- Name: post_workflow_stage_id_seq; Type: SEQUENCE; Schema: public; Owner: nickfiddes
--

CREATE SEQUENCE public.post_workflow_stage_id_seq
    AS integer
    START WITH 1
    INCREMENT BY 1
    NO MINVALUE
    NO MAXVALUE
    CACHE 1;


ALTER TABLE public.post_workflow_stage_id_seq OWNER TO nickfiddes;

--
-- Name: post_workflow_stage_id_seq; Type: SEQUENCE OWNED BY; Schema: public; Owner: nickfiddes
--

ALTER SEQUENCE public.post_workflow_stage_id_seq OWNED BY public.post_workflow_stage.id;


--
-- Name: post_workflow_sub_stage; Type: TABLE; Schema: public; Owner: nickfiddes
--

CREATE TABLE public.post_workflow_sub_stage (
    id integer NOT NULL,
    post_workflow_stage_id integer,
    sub_stage_id integer,
    content text,
    status character varying(32),
    started_at timestamp without time zone,
    completed_at timestamp without time zone,
    notes text
);


ALTER TABLE public.post_workflow_sub_stage OWNER TO nickfiddes;

--
-- Name: post_workflow_sub_stage_id_seq; Type: SEQUENCE; Schema: public; Owner: nickfiddes
--

CREATE SEQUENCE public.post_workflow_sub_stage_id_seq
    AS integer
    START WITH 1
    INCREMENT BY 1
    NO MINVALUE
    NO MAXVALUE
    CACHE 1;


ALTER TABLE public.post_workflow_sub_stage_id_seq OWNER TO nickfiddes;

--
-- Name: post_workflow_sub_stage_id_seq; Type: SEQUENCE OWNED BY; Schema: public; Owner: nickfiddes
--

ALTER SEQUENCE public.post_workflow_sub_stage_id_seq OWNED BY public.post_workflow_sub_stage.id;


--
-- Name: substage_action_default; Type: TABLE; Schema: public; Owner: nickfiddes
--

CREATE TABLE public.substage_action_default (
    id integer NOT NULL,
    substage character varying(64) NOT NULL,
    action_id integer
);


ALTER TABLE public.substage_action_default OWNER TO nickfiddes;

--
-- Name: substage_action_default_id_seq; Type: SEQUENCE; Schema: public; Owner: nickfiddes
--

CREATE SEQUENCE public.substage_action_default_id_seq
    AS integer
    START WITH 1
    INCREMENT BY 1
    NO MINVALUE
    NO MAXVALUE
    CACHE 1;


ALTER TABLE public.substage_action_default_id_seq OWNER TO nickfiddes;

--
-- Name: substage_action_default_id_seq; Type: SEQUENCE OWNED BY; Schema: public; Owner: nickfiddes
--

ALTER SEQUENCE public.substage_action_default_id_seq OWNED BY public.substage_action_default.id;


--
-- Name: tag; Type: TABLE; Schema: public; Owner: nickfiddes
--

CREATE TABLE public.tag (
    id integer NOT NULL,
    name character varying(50) NOT NULL,
    slug character varying(50) NOT NULL,
    description text
);


ALTER TABLE public.tag OWNER TO nickfiddes;

--
-- Name: tag_id_seq; Type: SEQUENCE; Schema: public; Owner: nickfiddes
--

CREATE SEQUENCE public.tag_id_seq
    AS integer
    START WITH 1
    INCREMENT BY 1
    NO MINVALUE
    NO MAXVALUE
    CACHE 1;


ALTER TABLE public.tag_id_seq OWNER TO nickfiddes;

--
-- Name: tag_id_seq; Type: SEQUENCE OWNED BY; Schema: public; Owner: nickfiddes
--

ALTER SEQUENCE public.tag_id_seq OWNED BY public.tag.id;


--
-- Name: user; Type: TABLE; Schema: public; Owner: nickfiddes
--

CREATE TABLE public."user" (
    id integer NOT NULL,
    username character varying(64) NOT NULL,
    email character varying(120) NOT NULL,
    password_hash character varying(128),
    is_active boolean DEFAULT true,
    created_at timestamp without time zone DEFAULT CURRENT_TIMESTAMP,
    updated_at timestamp without time zone DEFAULT CURRENT_TIMESTAMP
);


ALTER TABLE public."user" OWNER TO nickfiddes;

--
-- Name: user_id_seq; Type: SEQUENCE; Schema: public; Owner: nickfiddes
--

CREATE SEQUENCE public.user_id_seq
    AS integer
    START WITH 1
    INCREMENT BY 1
    NO MINVALUE
    NO MAXVALUE
    CACHE 1;


ALTER TABLE public.user_id_seq OWNER TO nickfiddes;

--
-- Name: user_id_seq; Type: SEQUENCE OWNED BY; Schema: public; Owner: nickfiddes
--

ALTER SEQUENCE public.user_id_seq OWNED BY public."user".id;


--
-- Name: workflow; Type: TABLE; Schema: public; Owner: nickfiddes
--

CREATE TABLE public.workflow (
    id integer NOT NULL,
    post_id integer NOT NULL,
    stage_id integer NOT NULL,
    status public.workflow_status_enum DEFAULT 'draft'::public.workflow_status_enum NOT NULL,
    created timestamp without time zone DEFAULT CURRENT_TIMESTAMP,
    updated timestamp without time zone DEFAULT CURRENT_TIMESTAMP
);


ALTER TABLE public.workflow OWNER TO nickfiddes;

--
-- Name: workflow_field_mapping; Type: TABLE; Schema: public; Owner: postgres
--

CREATE TABLE public.workflow_field_mapping (
    id integer NOT NULL,
    field_name text NOT NULL,
    stage_id integer,
    substage_id integer,
    order_index integer DEFAULT 0 NOT NULL
);


ALTER TABLE public.workflow_field_mapping OWNER TO postgres;

--
-- Name: workflow_field_mapping_id_seq; Type: SEQUENCE; Schema: public; Owner: postgres
--

CREATE SEQUENCE public.workflow_field_mapping_id_seq
    AS integer
    START WITH 1
    INCREMENT BY 1
    NO MINVALUE
    NO MAXVALUE
    CACHE 1;


ALTER TABLE public.workflow_field_mapping_id_seq OWNER TO postgres;

--
-- Name: workflow_field_mapping_id_seq; Type: SEQUENCE OWNED BY; Schema: public; Owner: postgres
--

ALTER SEQUENCE public.workflow_field_mapping_id_seq OWNED BY public.workflow_field_mapping.id;


--
-- Name: workflow_id_seq; Type: SEQUENCE; Schema: public; Owner: nickfiddes
--

CREATE SEQUENCE public.workflow_id_seq
    AS integer
    START WITH 1
    INCREMENT BY 1
    NO MINVALUE
    NO MAXVALUE
    CACHE 1;


ALTER TABLE public.workflow_id_seq OWNER TO nickfiddes;

--
-- Name: workflow_id_seq; Type: SEQUENCE OWNED BY; Schema: public; Owner: nickfiddes
--

ALTER SEQUENCE public.workflow_id_seq OWNED BY public.workflow.id;


--
-- Name: workflow_stage_entity; Type: TABLE; Schema: public; Owner: nickfiddes
--

CREATE TABLE public.workflow_stage_entity (
    id integer NOT NULL,
    name character varying(100) NOT NULL,
    description text,
    stage_order integer NOT NULL
);


ALTER TABLE public.workflow_stage_entity OWNER TO nickfiddes;

--
-- Name: workflow_stage_entity_id_seq; Type: SEQUENCE; Schema: public; Owner: nickfiddes
--

CREATE SEQUENCE public.workflow_stage_entity_id_seq
    AS integer
    START WITH 1
    INCREMENT BY 1
    NO MINVALUE
    NO MAXVALUE
    CACHE 1;


ALTER TABLE public.workflow_stage_entity_id_seq OWNER TO nickfiddes;

--
-- Name: workflow_stage_entity_id_seq; Type: SEQUENCE OWNED BY; Schema: public; Owner: nickfiddes
--

ALTER SEQUENCE public.workflow_stage_entity_id_seq OWNED BY public.workflow_stage_entity.id;


--
-- Name: workflow_sub_stage_entity; Type: TABLE; Schema: public; Owner: nickfiddes
--

CREATE TABLE public.workflow_sub_stage_entity (
    id integer NOT NULL,
    stage_id integer,
    name character varying(100) NOT NULL,
    description text,
    sub_stage_order integer NOT NULL
);


ALTER TABLE public.workflow_sub_stage_entity OWNER TO nickfiddes;

--
-- Name: workflow_sub_stage_entity_id_seq; Type: SEQUENCE; Schema: public; Owner: nickfiddes
--

CREATE SEQUENCE public.workflow_sub_stage_entity_id_seq
    AS integer
    START WITH 1
    INCREMENT BY 1
    NO MINVALUE
    NO MAXVALUE
    CACHE 1;


ALTER TABLE public.workflow_sub_stage_entity_id_seq OWNER TO nickfiddes;

--
-- Name: workflow_sub_stage_entity_id_seq; Type: SEQUENCE OWNED BY; Schema: public; Owner: nickfiddes
--

ALTER SEQUENCE public.workflow_sub_stage_entity_id_seq OWNED BY public.workflow_sub_stage_entity.id;


--
-- Name: category id; Type: DEFAULT; Schema: public; Owner: nickfiddes
--

ALTER TABLE ONLY public.category ALTER COLUMN id SET DEFAULT nextval('public.category_id_seq'::regclass);


--
-- Name: image id; Type: DEFAULT; Schema: public; Owner: nickfiddes
--

ALTER TABLE ONLY public.image ALTER COLUMN id SET DEFAULT nextval('public.image_id_seq'::regclass);


--
-- Name: image_format id; Type: DEFAULT; Schema: public; Owner: nickfiddes
--

ALTER TABLE ONLY public.image_format ALTER COLUMN id SET DEFAULT nextval('public.image_format_id_seq'::regclass);


--
-- Name: image_prompt_example id; Type: DEFAULT; Schema: public; Owner: nickfiddes
--

ALTER TABLE ONLY public.image_prompt_example ALTER COLUMN id SET DEFAULT nextval('public.image_prompt_example_id_seq'::regclass);


--
-- Name: image_setting id; Type: DEFAULT; Schema: public; Owner: nickfiddes
--

ALTER TABLE ONLY public.image_setting ALTER COLUMN id SET DEFAULT nextval('public.image_setting_id_seq'::regclass);


--
-- Name: image_style id; Type: DEFAULT; Schema: public; Owner: nickfiddes
--

ALTER TABLE ONLY public.image_style ALTER COLUMN id SET DEFAULT nextval('public.image_style_id_seq'::regclass);


--
-- Name: llm_action id; Type: DEFAULT; Schema: public; Owner: nickfiddes
--

ALTER TABLE ONLY public.llm_action ALTER COLUMN id SET DEFAULT nextval('public.llm_action_id_seq'::regclass);


--
-- Name: llm_action_history id; Type: DEFAULT; Schema: public; Owner: nickfiddes
--

ALTER TABLE ONLY public.llm_action_history ALTER COLUMN id SET DEFAULT nextval('public.llm_action_history_id_seq'::regclass);


--
-- Name: llm_interaction id; Type: DEFAULT; Schema: public; Owner: nickfiddes
--

ALTER TABLE ONLY public.llm_interaction ALTER COLUMN id SET DEFAULT nextval('public.llm_interaction_id_seq'::regclass);


--
-- Name: llm_model id; Type: DEFAULT; Schema: public; Owner: nickfiddes
--

ALTER TABLE ONLY public.llm_model ALTER COLUMN id SET DEFAULT nextval('public.llm_model_id_seq'::regclass);


--
-- Name: llm_prompt id; Type: DEFAULT; Schema: public; Owner: nickfiddes
--

ALTER TABLE ONLY public.llm_prompt ALTER COLUMN id SET DEFAULT nextval('public.llm_prompt_id_seq'::regclass);


--
-- Name: llm_prompt_part id; Type: DEFAULT; Schema: public; Owner: nickfiddes
--

ALTER TABLE ONLY public.llm_prompt_part ALTER COLUMN id SET DEFAULT nextval('public.llm_prompt_part_id_seq'::regclass);


--
-- Name: llm_provider id; Type: DEFAULT; Schema: public; Owner: nickfiddes
--

ALTER TABLE ONLY public.llm_provider ALTER COLUMN id SET DEFAULT nextval('public.llm_provider_id_seq'::regclass);


--
-- Name: post id; Type: DEFAULT; Schema: public; Owner: nickfiddes
--

ALTER TABLE ONLY public.post ALTER COLUMN id SET DEFAULT nextval('public.post_id_seq'::regclass);


--
-- Name: post_development id; Type: DEFAULT; Schema: public; Owner: nickfiddes
--

ALTER TABLE ONLY public.post_development ALTER COLUMN id SET DEFAULT nextval('public.post_development_id_seq'::regclass);


--
-- Name: post_section id; Type: DEFAULT; Schema: public; Owner: nickfiddes
--

ALTER TABLE ONLY public.post_section ALTER COLUMN id SET DEFAULT nextval('public.post_section_id_seq'::regclass);


--
-- Name: post_substage_action id; Type: DEFAULT; Schema: public; Owner: nickfiddes
--

ALTER TABLE ONLY public.post_substage_action ALTER COLUMN id SET DEFAULT nextval('public.post_substage_action_id_seq'::regclass);


--
-- Name: post_workflow_stage id; Type: DEFAULT; Schema: public; Owner: nickfiddes
--

ALTER TABLE ONLY public.post_workflow_stage ALTER COLUMN id SET DEFAULT nextval('public.post_workflow_stage_id_seq'::regclass);


--
-- Name: post_workflow_sub_stage id; Type: DEFAULT; Schema: public; Owner: nickfiddes
--

ALTER TABLE ONLY public.post_workflow_sub_stage ALTER COLUMN id SET DEFAULT nextval('public.post_workflow_sub_stage_id_seq'::regclass);


--
-- Name: substage_action_default id; Type: DEFAULT; Schema: public; Owner: nickfiddes
--

ALTER TABLE ONLY public.substage_action_default ALTER COLUMN id SET DEFAULT nextval('public.substage_action_default_id_seq'::regclass);


--
-- Name: tag id; Type: DEFAULT; Schema: public; Owner: nickfiddes
--

ALTER TABLE ONLY public.tag ALTER COLUMN id SET DEFAULT nextval('public.tag_id_seq'::regclass);


--
-- Name: user id; Type: DEFAULT; Schema: public; Owner: nickfiddes
--

ALTER TABLE ONLY public."user" ALTER COLUMN id SET DEFAULT nextval('public.user_id_seq'::regclass);


--
-- Name: workflow id; Type: DEFAULT; Schema: public; Owner: nickfiddes
--

ALTER TABLE ONLY public.workflow ALTER COLUMN id SET DEFAULT nextval('public.workflow_id_seq'::regclass);


--
-- Name: workflow_field_mapping id; Type: DEFAULT; Schema: public; Owner: postgres
--

ALTER TABLE ONLY public.workflow_field_mapping ALTER COLUMN id SET DEFAULT nextval('public.workflow_field_mapping_id_seq'::regclass);


--
-- Name: workflow_stage_entity id; Type: DEFAULT; Schema: public; Owner: nickfiddes
--

ALTER TABLE ONLY public.workflow_stage_entity ALTER COLUMN id SET DEFAULT nextval('public.workflow_stage_entity_id_seq'::regclass);


--
-- Name: workflow_sub_stage_entity id; Type: DEFAULT; Schema: public; Owner: nickfiddes
--

ALTER TABLE ONLY public.workflow_sub_stage_entity ALTER COLUMN id SET DEFAULT nextval('public.workflow_sub_stage_entity_id_seq'::regclass);


--
-- Data for Name: category; Type: TABLE DATA; Schema: public; Owner: nickfiddes
--

COPY public.category (id, name, slug, description) FROM stdin;
\.


--
-- Data for Name: image; Type: TABLE DATA; Schema: public; Owner: nickfiddes
--

COPY public.image (id, filename, original_filename, path, alt_text, caption, image_prompt, notes, image_metadata, watermarked, watermarked_path, created_at, updated_at) FROM stdin;
139	kilt-evolution_header.jpg	\N	../../app/static/images/posts/kilt-evolution_header.jpg	Collage of kilt styles over the centuries.	The kilt has evolved constantly from its earliest origins.	Collage representing the evolution of the Scottish kilt through centuries, showing styles from early wraps to modern tailored kilts. Blend historical illustrations and photographic elements. Aspect ratio 16:9.	Initial header concept.	{"notes": "Initial header concept.", "prompt": "Collage representing the evolution of the Scottish kilt through centuries, showing styles from early wraps to modern tailored kilts. Blend historical illustrations and photographic elements. Aspect ratio 16:9.", "status": "approved", "metadata": {"alt": "Collage of kilt styles over the centuries.", "blog_caption": "The kilt has evolved constantly from its earliest origins."}, "description": "Header image", "syndication": {"facebook": {"status": "pending", "caption": "Did you know the kilt evolved significantly over centuries? From the practical 'féileadh mòr' of the Highlands to a symbol of identity and even high fashion, its story is fascinating. Learn more about the evolution of this iconic garment on the blog! [Link Placeholder]"}, "instagram": {"status": "pending", "caption": "From battlefield necessity to global fashion icon! ✨ Explore the incredible journey of the Scottish kilt through the ages. #KiltHistory #ScottishFashion #Tartan #HighlandWear #Scotland #CelticStyle #MenswearEvolution", "hashtags": ["KiltHistory", "ScottishFashion", "Tartan", "HighlandWear", "Scotland", "CelticStyle", "MenswearEvolution"]}}, "prompt_status": "complete", "source_details": {"local_dir": "/images/posts/kilt-evolution/", "post_slug": "kilt-evolution", "public_url": "https://static.clan.com/media/blog/kilt-evolution_header.jpg", "filename_local": "kilt-evolution_header.jpg", "uploaded_path_relative": "/blog/kilt-evolution_header.jpg"}, "watermark_status": "pending", "generation_status": "complete"}	f	\N	2025-05-18 16:25:20.645009	2025-05-18 16:25:20.645013
140	kilt-evolution_early-highland-dress.jpg	\N	../../app/static/images/posts/kilt-evolution_early-highland-dress.jpg	Pictish warrior in tunic and brat cloak on a cliff with standing stones.	Early Highland attire: A Pictish warrior embodying resilience in practical woollen tunic and cloak.	Illustration of an early Highlander (Pict or Gael) pre-16th century, wearing a simple woollen tunic ('léine') and brat cloak fastened with a brooch, standing in a rugged Highland landscape. Focus on practical, layered clothing. Historically accurate. Aspect ratio 16:9.	\N	{"notes": null, "prompt": "Illustration of an early Highlander (Pict or Gael) pre-16th century, wearing a simple woollen tunic ('léine') and brat cloak fastened with a brooch, standing in a rugged Highland landscape. Focus on practical, layered clothing. Historically accurate. Aspect ratio 16:9.", "status": "approved", "metadata": {"alt": "Pictish warrior in tunic and brat cloak on a cliff with standing stones.", "blog_caption": "Early Highland attire: A Pictish warrior embodying resilience in practical woollen tunic and cloak."}, "description": "Early Forms of Highland Dress", "syndication": {"facebook": {"status": "pending", "caption": "Journey back before the 16th century! Early Highland attire focused on survival in rugged landscapes, featuring practical woollen tunics (léine) and cloaks (brat). These garments laid the groundwork for later iconic styles. #ScottishHistory #CelticFashion"}, "instagram": {"status": "pending", "caption": "Before the familiar kilt: Early Highland dress prioritized practicality for rugged terrain. Think layered woollen tunics & cloaks! #HighlandHistory #AncientScotland #Picts #Gaels #ScottishClothing #CelticHistory", "hashtags": ["HighlandHistory", "AncientScotland", "Picts", "Gaels", "ScottishClothing", "CelticHistory"]}}, "prompt_status": "complete", "source_details": {"local_dir": "/images/posts/kilt-evolution/", "post_slug": "kilt-evolution", "public_url": "https://static.clan.com/media/blog/kilt-evolution_early-highland-dress.jpg", "filename_local": "kilt-evolution_early-highland-dress.jpg", "uploaded_path_relative": "/blog/kilt-evolution_early-highland-dress.jpg"}, "watermark_status": "pending", "generation_status": "complete"}	f	\N	2025-05-18 16:25:20.66228	2025-05-18 16:25:20.662283
141	kilt-evolution_great-kilt-origins.jpg	\N	../../app/static/images/posts/kilt-evolution_great-kilt-origins.jpg	16th-century Highlander pleating and belting a large féileadh mòr tartan wrap.	The versatile féileadh mòr: A 16th-century Highlander dons the great kilt for protection and practicality.	A 16th-century Highlander in a realistic setting, demonstrating how to pleat and belt the large 'féileadh mòr' (great kilt) made of several yards of tartan cloth. Focus on the process and the versatile nature of the garment. Historical accuracy in clothing and environment. Aspect ratio 16:9.	\N	{"notes": null, "prompt": "A 16th-century Highlander in a realistic setting, demonstrating how to pleat and belt the large 'féileadh mòr' (great kilt) made of several yards of tartan cloth. Focus on the process and the versatile nature of the garment. Historical accuracy in clothing and environment. Aspect ratio 16:9.", "status": "approved", "metadata": {"alt": "16th-century Highlander pleating and belting a large féileadh mòr tartan wrap.", "blog_caption": "The versatile féileadh mòr: A 16th-century Highlander dons the great kilt for protection and practicality."}, "description": "Origins of the Great Kilt", "syndication": {"facebook": {"status": "pending", "caption": "The original 'Great Kilt' or Féileadh Mòr emerged in the 16th century. This single large piece of tartan was skillfully pleated and belted, serving multiple practical purposes for Highlanders. #ScottishHeritage #KiltEvolution #FeileadhMor"}, "instagram": {"status": "pending", "caption": "Meet the Féileadh Mòr! The 16th-century 'great kilt' was a versatile marvel – cloak by day, blanket by night. #GreatKilt #FeileadhMor #ScottishHistory #TartanTuesday #HighlandDress #Kilt", "hashtags": ["GreatKilt", "FeileadhMor", "ScottishHistory", "TartanTuesday", "HighlandDress", "Kilt"]}}, "prompt_status": "complete", "source_details": {"local_dir": "/images/posts/kilt-evolution/", "post_slug": "kilt-evolution", "public_url": "https://static.clan.com/media/blog/kilt-evolution_great-kilt-origins.jpg", "filename_local": "kilt-evolution_great-kilt-origins.jpg", "uploaded_path_relative": "/blog/kilt-evolution_great-kilt-origins.jpg"}, "watermark_status": "pending", "generation_status": "complete"}	f	\N	2025-05-18 16:25:20.672373	2025-05-18 16:25:20.67238
142	kilt-evolution_great-kilt-significance.jpg	\N	../../app/static/images/posts/kilt-evolution_great-kilt-significance.jpg	17th-century MacLeod chief distributing tartan plaids to clansmen during a gathering.	Tartan as identity: A 17th-century clan chief reinforces kinship through the distribution of plaids.	Illustration depicting a 17th-century Highland clan chief, perhaps MacDonald or Campbell, distributing specific tartan plaids (féileadh mòr) to his loyal clansmen during an outdoor gathering. Emphasize the tartan patterns as symbols of identity and allegiance. Detailed historical attire and setting. Aspect ratio 16:9.	\N	{"notes": null, "prompt": "Illustration depicting a 17th-century Highland clan chief, perhaps MacDonald or Campbell, distributing specific tartan plaids (féileadh mòr) to his loyal clansmen during an outdoor gathering. Emphasize the tartan patterns as symbols of identity and allegiance. Detailed historical attire and setting. Aspect ratio 16:9.", "status": "approved", "metadata": {"alt": "17th-century MacLeod chief distributing tartan plaids to clansmen during a gathering.", "blog_caption": "Tartan as identity: A 17th-century clan chief reinforces kinship through the distribution of plaids."}, "description": "Cultural Significance of the Great Kilt", "syndication": {"facebook": {"status": "pending", "caption": "By the 17th century, tartan evolved into a powerful symbol of clan identity and loyalty. Chiefs distributed specific patterns, reinforcing kinship and social structure within the Highlands. #ScottishHistory #Tartan #ClanLife"}, "instagram": {"status": "pending", "caption": "Tartan wasn't just fabric; it was identity! In the 17th century, specific patterns signified clan allegiance, like visual badges of honour. #ClanTartan #ScottishClans #HighlandCulture #TartanHistory #ScotlandIsNow", "hashtags": ["ClanTartan", "ScottishClans", "HighlandCulture", "TartanHistory", "ScotlandIsNow"]}}, "prompt_status": "complete", "source_details": {"local_dir": "/images/posts/kilt-evolution/", "post_slug": "kilt-evolution", "public_url": "https://static.clan.com/media/blog/kilt-evolution_great-kilt-significance.jpg", "filename_local": "kilt-evolution_great-kilt-significance.jpg", "uploaded_path_relative": "/blog/kilt-evolution_great-kilt-significance.jpg"}, "watermark_status": "pending", "generation_status": "complete"}	f	\N	2025-05-18 16:25:20.68492	2025-05-18 16:25:20.684929
143	kilt-evolution_kilt-adaptations-practicality.jpg	\N	../../app/static/images/posts/kilt-evolution_kilt-adaptations-practicality.jpg	Highland hunter around 1700 tucking the upper part of his féileadh mòr into his belt.	Adapting for action: A Highland hunter modifies the great kilt for greater freedom of movement circa 1700.	Realistic depiction of a Highland hunter or soldier around the late 17th/early 18th century, actively tucking the upper shoulder plaid part of his féileadh mòr into his belt to create a more practical, skirt-like lower half for better movement. Show action or purpose (hunting/marching). Accurate historical detail. Aspect ratio 16:9.	\N	{"notes": null, "prompt": "Realistic depiction of a Highland hunter or soldier around the late 17th/early 18th century, actively tucking the upper shoulder plaid part of his féileadh mòr into his belt to create a more practical, skirt-like lower half for better movement. Show action or purpose (hunting/marching). Accurate historical detail. Aspect ratio 16:9.", "status": "approved", "metadata": {"alt": "Highland hunter around 1700 tucking the upper part of his féileadh mòr into his belt.", "blog_caption": "Adapting for action: A Highland hunter modifies the great kilt for greater freedom of movement circa 1700."}, "description": "Adaptations for Practicality", "syndication": {"facebook": {"status": "pending", "caption": "Practicality drives change! As life demanded more dynamic movement, Highlanders began adapting the bulky Féileadh Mòr by tucking the upper plaid, a key step towards the 'small kilt' we know today. #ScottishInnovation #KiltHistory #HighlandDress"}, "instagram": {"status": "pending", "caption": "Adapting for action! Late 17th-century Highlanders started tucking away the top plaid of the great kilt for practicality, paving the way for the modern kilt form. #KiltEvolution #HighlandLife #ScottishHistory #Adaptation #FeileadhMor", "hashtags": ["KiltEvolution", "HighlandLife", "ScottishHistory", "Adaptation", "FeileadhMor"]}}, "prompt_status": "complete", "source_details": {"local_dir": "/images/posts/kilt-evolution/", "post_slug": "kilt-evolution", "public_url": "https://static.clan.com/media/blog/kilt-evolution_kilt-adaptations-practicality.jpg", "filename_local": "kilt-evolution_kilt-adaptations-practicality.jpg", "uploaded_path_relative": "/blog/kilt-evolution_kilt-adaptations-practicality.jpg"}, "watermark_status": "pending", "generation_status": "complete"}	f	\N	2025-05-18 16:25:20.733539	2025-05-18 16:25:20.733566
144	kilt-evolution_small-kilt-emergence.jpg	\N	../../app/static/images/posts/kilt-evolution_small-kilt-emergence.jpg	18th-century ironworker wearing the knee-length féileadh beag (small kilt) while working at a forge.	The birth of the modern kilt: An ironworker demonstrates the practicality of the féileadh beag around 1720.	Scene in an early 18th-century Highland ironworks (around 1720s), showing workers wearing the newly developed 'féileadh beag' (small kilt) – the pre-pleated, knee-length skirt without the shoulder plaid. Focus on the practicality for industrial work, perhaps near a forge or furnace. Link to Thomas Rawlinson's innovation. Aspect ratio 16:9.	\N	{"notes": null, "prompt": "Scene in an early 18th-century Highland ironworks (around 1720s), showing workers wearing the newly developed 'féileadh beag' (small kilt) – the pre-pleated, knee-length skirt without the shoulder plaid. Focus on the practicality for industrial work, perhaps near a forge or furnace. Link to Thomas Rawlinson's innovation. Aspect ratio 16:9.", "status": "approved", "metadata": {"alt": "18th-century ironworker wearing the knee-length féileadh beag (small kilt) while working at a forge.", "blog_caption": "The birth of the modern kilt: An ironworker demonstrates the practicality of the féileadh beag around 1720."}, "description": "Emergence of the Small Kilt", "syndication": {"facebook": {"status": "pending", "caption": "Innovation corner: The early 18th century saw the emergence of the 'Féileadh Beag' (small kilt). Often credited to industrialist Thomas Rawlinson, this separated skirt design offered greater practicality, influencing kilt design forever. #KiltFacts #ScottishHeritage #IndustrialHistory"}, "instagram": {"status": "pending", "caption": "The modern kilt takes shape! Around 1720, the 'Féileadh Beag' or small kilt emerged, separating the pleated skirt from the shoulder plaid – a practical evolution for workers and soldiers. #SmallKilt #FeileadhBeag #KiltHistory #ScottishInnovation #18thCentury", "hashtags": ["SmallKilt", "FeileadhBeag", "KiltHistory", "ScottishInnovation", "18thCentury"]}}, "prompt_status": "complete", "source_details": {"local_dir": "/images/posts/kilt-evolution/", "post_slug": "kilt-evolution", "public_url": "https://static.clan.com/media/blog/kilt-evolution_small-kilt-emergence.jpg", "filename_local": "kilt-evolution_small-kilt-emergence.jpg", "uploaded_path_relative": "/blog/kilt-evolution_small-kilt-emergence.jpg"}, "watermark_status": "pending", "generation_status": "complete"}	f	\N	2025-05-18 16:25:20.7398	2025-05-18 16:25:20.739809
145	kilt-evolution_highland-dress-suppression.jpg	\N	../../app/static/images/posts/kilt-evolution_highland-dress-suppression.jpg	Highland woman secretly weaving tartan by candlelight while Redcoats patrol outside, circa 1760.	Defiance in the shadows: Secretly weaving banned tartan during the Dress Act suppression (1746-1782).	Atmospheric, slightly clandestine scene inside a dimly lit Highland cottage, circa 1760. A determined Highland woman secretly weaves tartan on a small loom by candlelight, while the shadow of a patrolling Redcoat soldier is visible outside the window. Convey resilience and cultural defiance during the Dress Act (1746-1782). Aspect ratio 16:9.	\N	{"notes": null, "prompt": "Atmospheric, slightly clandestine scene inside a dimly lit Highland cottage, circa 1760. A determined Highland woman secretly weaves tartan on a small loom by candlelight, while the shadow of a patrolling Redcoat soldier is visible outside the window. Convey resilience and cultural defiance during the Dress Act (1746-1782). Aspect ratio 16:9.", "status": "approved", "metadata": {"alt": "Highland woman secretly weaving tartan by candlelight while Redcoats patrol outside, circa 1760.", "blog_caption": "Defiance in the shadows: Secretly weaving banned tartan during the Dress Act suppression (1746-1782)."}, "description": "Suppression of Highland Dress", "syndication": {"facebook": {"status": "pending", "caption": "A dark chapter: The Dress Act (1746-1782) aimed to suppress Highland culture by banning tartan and the kilt following the Jacobite rising. Yet, the spirit endured through acts of quiet defiance and cultural preservation. #WearWhatYouWant #ScottishHistory #CulturalSuppression #Resilience"}, "instagram": {"status": "pending", "caption": "A symbol forbidden! After Culloden, the Dress Act of 1746 banned tartan & kilts. But Highland culture persisted in secret acts of defiance, like weaving by candlelight. #DressAct #HighlandHistory #ScottishResilience #Tartan #Jacobite #ForbiddenFashion", "hashtags": ["DressAct", "HighlandHistory", "ScottishResilience", "Tartan", "Jacobite", "ForbiddenFashion"]}}, "prompt_status": "complete", "source_details": {"local_dir": "/images/posts/kilt-evolution/", "post_slug": "kilt-evolution", "public_url": "https://static.clan.com/media/blog/kilt-evolution_highland-dress-suppression.jpg", "filename_local": "kilt-evolution_highland-dress-suppression.jpg", "uploaded_path_relative": "/blog/kilt-evolution_highland-dress-suppression.jpg"}, "watermark_status": "pending", "generation_status": "complete"}	f	\N	2025-05-18 16:25:20.743851	2025-05-18 16:25:20.74387
146	kilt-evolution_romantic-revival-renaissance.jpg	\N	../../app/static/images/posts/kilt-evolution_romantic-revival-renaissance.jpg	Sir Walter Scott in Royal Stewart tartan leading nobles during King George IV's 1822 Edinburgh visit.	Romantic revival: Sir Walter Scott orchestrates a tartan spectacle for King George IV in 1822 Edinburgh.	Grand, celebratory scene depicting Sir Walter Scott, adorned in prominent Royal Stewart tartan, orchestrating the 1822 visit of King George IV to Edinburgh. Show Lowland nobles, previously dismissive, now wearing kilts and tartan. Highlight the pageantry and romanticism transforming the kilt's image. Accurate depiction of Holyrood Palace or Edinburgh setting. Aspect ratio 16:9.	\N	{"notes": null, "prompt": "Grand, celebratory scene depicting Sir Walter Scott, adorned in prominent Royal Stewart tartan, orchestrating the 1822 visit of King George IV to Edinburgh. Show Lowland nobles, previously dismissive, now wearing kilts and tartan. Highlight the pageantry and romanticism transforming the kilt's image. Accurate depiction of Holyrood Palace or Edinburgh setting. Aspect ratio 16:9.", "status": "approved", "metadata": {"alt": "Sir Walter Scott in Royal Stewart tartan leading nobles during King George IV's 1822 Edinburgh visit.", "blog_caption": "Romantic revival: Sir Walter Scott orchestrates a tartan spectacle for King George IV in 1822 Edinburgh."}, "description": "Romantic Revival and Cultural Renaissance", "syndication": {"facebook": {"status": "pending", "caption": "From suppression to spectacle! The late 18th and 19th centuries saw a Romantic revival of Highland culture, heavily influenced by writers like Sir Walter Scott and cemented by King George IV's famous 1822 visit to Edinburgh, where tartan took centre stage. #ScottishRenaissance #KiltHistory #Romanticism #WalterScott"}, "instagram": {"status": "pending", "caption": "Tartan's big comeback! Thanks to Sir Walter Scott & King George IV's 1822 visit, the kilt was reborn in a wave of romantic revival, transforming into a symbol of Scottish identity & pageantry. #TartanRevival #SirWalterScott #RoyalVisit #ScottishRomanticism #KiltStyle", "hashtags": ["TartanRevival", "SirWalterScott", "RoyalVisit", "ScottishRomanticism", "KiltStyle", "19thCentury"]}}, "prompt_status": "complete", "source_details": {"local_dir": "/images/posts/kilt-evolution/", "post_slug": "kilt-evolution", "public_url": "https://static.clan.com/media/blog/kilt-evolution_romantic-revival-renaissance.jpg", "filename_local": "kilt-evolution_romantic-revival-renaissance.jpg", "uploaded_path_relative": "/blog/kilt-evolution_romantic-revival-renaissance.jpg"}, "watermark_status": "pending", "generation_status": "complete"}	f	\N	2025-05-18 16:25:20.750491	2025-05-18 16:25:20.750495
147	kilt-evolution_military-adoption-influence.jpg	\N	../../app/static/images/posts/kilt-evolution_military-adoption-influence.jpg	Black Watch soldier in government sett kilt charging across a WWI battlefield with a bagpiper.	Courage in tartan: A Black Watch soldier embodies the kilt's military legacy during World War I.	Dynamic, gritty scene from a World War I battlefield (e.g., Western Front). A determined Black Watch soldier in his dark Government Sett kilt advances, perhaps alongside a piper. Convey the juxtaposition of traditional Highland dress in modern warfare, emphasizing bravery and regimental pride. Aspect ratio 16:9.	\N	{"notes": null, "prompt": "Dynamic, gritty scene from a World War I battlefield (e.g., Western Front). A determined Black Watch soldier in his dark Government Sett kilt advances, perhaps alongside a piper. Convey the juxtaposition of traditional Highland dress in modern warfare, emphasizing bravery and regimental pride. Aspect ratio 16:9.", "status": "approved", "metadata": {"alt": "Black Watch soldier in government sett kilt charging across a WWI battlefield with a bagpiper.", "blog_caption": "Courage in tartan: A Black Watch soldier embodies the kilt's military legacy during World War I."}, "description": "Military Adoption and Global Influence", "syndication": {"facebook": {"status": "pending", "caption": "The kilt went global largely thanks to its adoption by the British Army's Highland regiments. Their distinct tartans and battlefield bravery, from Napoleonic Wars to WWI, made the kilt an internationally recognized symbol. #MilitaryHistory #ScottishRegiments #Kilt #Tartan"}, "instagram": {"status": "pending", "caption": "Courage in tartan! Highland regiments like the Black Watch famously wore kilts into battle, becoming global symbols of Scottish bravery and identity, even on WW1 fields. #HighlandRegiment #BlackWatch #MilitaryKilt #ScottishSoldier #WWI #Courage", "hashtags": ["HighlandRegiment", "BlackWatch", "MilitaryKilt", "ScottishSoldier", "WWI", "Courage"]}}, "prompt_status": "complete", "source_details": {"local_dir": "/images/posts/kilt-evolution/", "post_slug": "kilt-evolution", "public_url": "https://static.clan.com/media/blog/kilt-evolution_military-adoption-influence.jpg", "filename_local": "kilt-evolution_military-adoption-influence.jpg", "uploaded_path_relative": "/blog/kilt-evolution_military-adoption-influence.jpg"}, "watermark_status": "pending", "generation_status": "complete"}	f	\N	2025-05-18 16:25:20.752153	2025-05-18 16:25:20.752156
148	kilt-evolution_formal-everyday-attire.jpg	\N	../../app/static/images/posts/kilt-evolution_formal-everyday-attire.jpg	1950s Scottish wedding scene with groom in Prince Charlie kilt outfit and guests dancing a ceilidh.	From battlefield to ballroom: Kilts become central to 20th-century formal and celebratory wear.	Joyful, slightly nostalgic scene of a Scottish wedding reception or ceilidh in the 1950s/60s. Focus on guests wearing kilts (e.g., Prince Charlie outfits) for formal celebration, dancing, and socializing. Capture the post-war popularization of the kilt for non-military formal events. Aspect ratio 16:9.	\N	{"notes": null, "prompt": "Joyful, slightly nostalgic scene of a Scottish wedding reception or ceilidh in the 1950s/60s. Focus on guests wearing kilts (e.g., Prince Charlie outfits) for formal celebration, dancing, and socializing. Capture the post-war popularization of the kilt for non-military formal events. Aspect ratio 16:9.", "status": "approved", "metadata": {"alt": "1950s Scottish wedding scene with groom in Prince Charlie kilt outfit and guests dancing a ceilidh.", "blog_caption": "From battlefield to ballroom: Kilts become central to 20th-century formal and celebratory wear."}, "description": "Kilts in Formal and Everyday Attire", "syndication": {"facebook": {"status": "pending", "caption": "The 20th century saw the kilt firmly established as celebratory wear. Popularised by returning soldiers and embraced by the diaspora, it became synonymous with Scottish weddings, formal events, and cultural pride. #ScottishCulture #KiltStyle #20thCenturyFashion"}, "instagram": {"status": "pending", "caption": "From battlefield to ballroom! Post-WWII, the kilt became a staple of formal wear for weddings, ceilidhs, and celebrations, solidifying its place in 20th-century Scottish social life. #KiltOutfit #Ceilidh #ScottishWedding #FormalWear #VintageScotland #PrinceCharlie", "hashtags": ["KiltOutfit", "Ceilidh", "ScottishWedding", "FormalWear", "VintageScotland", "PrinceCharlie"]}}, "prompt_status": "complete", "source_details": {"local_dir": "/images/posts/kilt-evolution/", "post_slug": "kilt-evolution", "public_url": "https://static.clan.com/media/blog/kilt-evolution_formal-everyday-attire.jpg", "filename_local": "kilt-evolution_formal-everyday-attire.jpg", "uploaded_path_relative": "/blog/kilt-evolution_formal-everyday-attire.jpg"}, "watermark_status": "pending", "generation_status": "complete"}	f	\N	2025-05-18 16:25:20.753736	2025-05-18 16:25:20.753738
149	kilt-evolution_modern-innovations-fashion.jpg	\N	../../app/static/images/posts/kilt-evolution_modern-innovations-fashion.jpg	Gender-fluid model on a neon runway wearing a deconstructed, futuristic tartan kilt.	The kilt reimagined: 21st-century fashion fuses tartan tradition with avant-garde and inclusive design.	High-fashion runway scene featuring a model (could be gender-fluid) wearing a modern, avant-garde kilt interpretation. Think unconventional materials (leather, denim, tech fabrics), deconstructed design, or bold contemporary tartan patterns. Emphasize the fusion of tradition and modern fashion trends, challenging norms. Dynamic lighting and runway setting. Aspect ratio 16:9.	\N	{"notes": null, "prompt": "High-fashion runway scene featuring a model (could be gender-fluid) wearing a modern, avant-garde kilt interpretation. Think unconventional materials (leather, denim, tech fabrics), deconstructed design, or bold contemporary tartan patterns. Emphasize the fusion of tradition and modern fashion trends, challenging norms. Dynamic lighting and runway setting. Aspect ratio 16:9.", "status": "approved", "metadata": {"alt": "Gender-fluid model on a neon runway wearing a deconstructed, futuristic tartan kilt.", "blog_caption": "The kilt reimagined: 21st-century fashion fuses tartan tradition with avant-garde and inclusive design."}, "description": "Modern Innovations and Fashion Trends", "syndication": {"facebook": {"status": "pending", "caption": "The kilt continues to evolve! 21st-century fashion embraces the kilt, experimenting with new materials, challenging gender norms, and blending streetwear influences with heritage. What do you think of modern kilt designs? #Kilt #FashionTrends #ScottishStyle #ContemporaryDesign"}, "instagram": {"status": "pending", "caption": "The kilt, but make it fashion! ⚡️ Today's designers reimagine tartan and the kilt form with modern materials, cuts, and a challenge to traditional norms. Tradition meets runway! #ModernKilt #TartanFashion #AvantGarde #ScottishDesign #FashionForward #Inclusivity", "hashtags": ["ModernKilt", "TartanFashion", "AvantGarde", "ScottishDesign", "FashionForward", "Inclusivity", "RunwayStyle"]}}, "prompt_status": "complete", "source_details": {"local_dir": "/images/posts/kilt-evolution/", "post_slug": "kilt-evolution", "public_url": "https://static.clan.com/media/blog/kilt-evolution_modern-innovations-fashion.jpg", "filename_local": "kilt-evolution_modern-innovations-fashion.jpg", "uploaded_path_relative": "/blog/kilt-evolution_modern-innovations-fashion.jpg"}, "watermark_status": "pending", "generation_status": "complete"}	f	\N	2025-05-18 16:25:20.755153	2025-05-18 16:25:20.755155
150	quaich-traditions_header-collage.jpg	\N	../../app/static/images/posts/quaich-traditions_header-collage.jpg	A collection of various Scottish quaichs from different eras	The Scottish Quaich: A journey through history, tradition, and symbolism.	A collection of various Scottish quaichs from different eras – wood, pewter, silver – arranged artistically on a background of subtle tartan, representing the scope of the article. Soft, inviting lighting. Aspect ratio 16:9.	Needs final image generation.	{"notes": "Needs final image generation.", "prompt": "A collection of various Scottish quaichs from different eras – wood, pewter, silver – arranged artistically on a background of subtle tartan, representing the scope of the article. Soft, inviting lighting. Aspect ratio 16:9.", "status": "pending_review", "metadata": {"alt": "A collection of various Scottish quaichs from different eras", "blog_caption": "The Scottish Quaich: A journey through history, tradition, and symbolism."}, "description": "Header image", "syndication": {"facebook": {"status": "pending", "caption": "What is a Quaich? Discover the story behind Scotland's traditional two-handled 'cup of friendship', a symbol of hospitality and trust for centuries. Learn more on the blog! [Link Placeholder]"}, "instagram": {"status": "pending", "caption": "Slàinte! Exploring the rich history of the Scottish Quaich, the 'cup of friendship'. From clans to kings to modern weddings. #Quaich #ScottishTradition #CupOfFriendship #Celtic #Scotland #History", "hashtags": ["Quaich", "ScottishTradition", "CupOfFriendship", "Celtic", "Scotland", "History", "Pewter", "Silver"]}}, "prompt_status": "complete", "source_details": {"local_dir": "/images/posts/quaich-traditions/", "post_slug": "quaich-traditions", "public_url": "https://static.clan.com/media/blog/quaich-traditions_header-collage.jpg", "filename_local": "quaich-traditions_header-collage.jpg", "uploaded_path_relative": "/blog/quaich-traditions_header-collage.jpg"}, "watermark_status": "pending", "generation_status": "pending"}	f	\N	2025-05-18 16:25:20.756573	2025-05-18 16:25:20.756575
151	quaich-traditions_early-origins-wooden.jpg	\N	../../app/static/images/posts/quaich-traditions_early-origins-wooden.jpg	Early hand-carved wooden quaich by a hearth	A simple wooden quaich reflects early Highland values of peace and trust.	A rustic medieval Scottish setting depicting a simple, hand-carved wooden quaich resting on a rough wooden table near a warm, stone-built hearth. Early Scottish Highlanders gather around in traditional tartan cloaks, symbolically exchanging the quaich to represent friendship, trust, and peace. Include warm, candlelit tones and accurate historical details of Highland clothing and furnishings.	Needs final image generation.	{"notes": "Needs final image generation.", "prompt": "A rustic medieval Scottish setting depicting a simple, hand-carved wooden quaich resting on a rough wooden table near a warm, stone-built hearth. Early Scottish Highlanders gather around in traditional tartan cloaks, symbolically exchanging the quaich to represent friendship, trust, and peace. Include warm, candlelit tones and accurate historical details of Highland clothing and furnishings.", "status": "pending_review", "metadata": {"alt": "Early hand-carved wooden quaich by a hearth", "blog_caption": "A simple wooden quaich reflects early Highland values of peace and trust."}, "description": "Early Origins", "syndication": {"facebook": {"status": "pending", "caption": "The origins of the Quaich lie in medieval Scotland, often crafted from simple wood or horn. Its unique two-handled design was practical - promoting trust during shared drinks. #ScottishHistory #QuaichFacts #CelticTradition"}, "instagram": {"status": "pending", "caption": "Back to basics! Early Scottish quaichs were often carved from wood, symbolising peace & trust. The two handles meant no hidden weapons! #Quaich #MedievalScotland #Woodworking #CelticHistory #ScottishCraft", "hashtags": ["Quaich", "MedievalScotland", "Woodworking", "CelticHistory", "ScottishCraft"]}}, "prompt_status": "complete", "source_details": {"local_dir": "/images/posts/quaich-traditions/", "post_slug": "quaich-traditions", "public_url": "https://static.clan.com/media/blog/quaich-traditions_early-origins-wooden.jpg", "filename_local": "quaich-traditions_early-origins-wooden.jpg", "uploaded_path_relative": "/blog/quaich-traditions_early-origins-wooden.jpg"}, "watermark_status": "pending", "generation_status": "pending"}	f	\N	2025-05-18 16:25:20.757773	2025-05-18 16:25:20.757775
152	quaich-traditions_clan-unity-hospitality.jpg	\N	../../app/static/images/posts/quaich-traditions_clan-unity-hospitality.jpg	Clan chieftain toasts with a quaich at a 17th-century Highland gathering	The quaich: central to clan gatherings, fostering unity and hospitality.	A vibrant scene at a Scottish Highland clan gathering in the 17th century. At its center, a clan chieftain raises an ornately carved wooden quaich in a ceremonial toast surrounded by warriors, elders, and clansfolk in historically accurate clan tartans. Emphasize expressions of unity, pride, and camaraderie, with detailed Highland attire, symbolic banners, and traditional Celtic decor.	Needs final image generation.	{"notes": "Needs final image generation.", "prompt": "A vibrant scene at a Scottish Highland clan gathering in the 17th century. At its center, a clan chieftain raises an ornately carved wooden quaich in a ceremonial toast surrounded by warriors, elders, and clansfolk in historically accurate clan tartans. Emphasize expressions of unity, pride, and camaraderie, with detailed Highland attire, symbolic banners, and traditional Celtic decor.", "status": "pending_review", "metadata": {"alt": "Clan chieftain toasts with a quaich at a 17th-century Highland gathering", "blog_caption": "The quaich: central to clan gatherings, fostering unity and hospitality."}, "description": "Clan Unity and Hospitality", "syndication": {"facebook": {"status": "pending", "caption": "More than just a cup! In clan gatherings, sharing the quaich was a powerful ritual signifying mutual respect, resolving conflicts, and celebrating together. #ScottishTradition #ClanUnity #QuaichHistory"}, "instagram": {"status": "pending", "caption": "A symbol of unity! The quaich was essential at Highland clan gatherings, shared to build trust and celebrate together. #ClanLife #ScottishGathering #Quaich #HighlandCulture #Scotland", "hashtags": ["ClanLife", "ScottishGathering", "Quaich", "HighlandCulture", "Scotland", "Hospitality"]}}, "prompt_status": "complete", "source_details": {"local_dir": "/images/posts/quaich-traditions/", "post_slug": "quaich-traditions", "public_url": "https://static.clan.com/media/blog/quaich-traditions_clan-unity-hospitality.jpg", "filename_local": "quaich-traditions_clan-unity-hospitality.jpg", "uploaded_path_relative": "/blog/quaich-traditions_clan-unity-hospitality.jpg"}, "watermark_status": "pending", "generation_status": "pending"}	f	\N	2025-05-18 16:25:20.759154	2025-05-18 16:25:20.759155
153	quaich-traditions_design-evolution.jpg	\N	../../app/static/images/posts/quaich-traditions_design-evolution.jpg	Collection showing quaich evolution from wood to ornate silver	From simple wood to intricate silver: the evolution of quaich craftsmanship.	A beautifully detailed illustration showcasing the historical progression of Scottish quaich designs from simple wooden and horn quaichs to intricately crafted silver and pewter versions. Depict various examples arranged chronologically on an antique Scottish tartan cloth, clearly highlighting evolving craftsmanship, materials, decorative Celtic motifs, and engraved patterns.	Needs final image generation.	{"notes": "Needs final image generation.", "prompt": "A beautifully detailed illustration showcasing the historical progression of Scottish quaich designs from simple wooden and horn quaichs to intricately crafted silver and pewter versions. Depict various examples arranged chronologically on an antique Scottish tartan cloth, clearly highlighting evolving craftsmanship, materials, decorative Celtic motifs, and engraved patterns.", "status": "pending_review", "metadata": {"alt": "Collection showing quaich evolution from wood to ornate silver", "blog_caption": "From simple wood to intricate silver: the evolution of quaich craftsmanship."}, "description": "Evolution of Design", "syndication": {"facebook": {"status": "pending", "caption": "The design of the quaich tells a story of evolving craftsmanship. Starting with wood, techniques like stave-building emerged, followed by luxurious silver and popular pewter versions, often featuring beautiful Celtic details. #QuaichDesign #ScottishArtisans #CelticDesign"}, "instagram": {"status": "pending", "caption": "Watch the quaich evolve! From humble wood & horn to elegant pewter & stunning silver adorned with Celtic designs. Scottish craftsmanship through the ages. #ScottishCraftsmanship #Quaich #DesignHistory #CelticArt #Pewter #Silver #Scotland", "hashtags": ["ScottishCraftsmanship", "Quaich", "DesignHistory", "CelticArt", "Pewter", "Silver", "Scotland", "Antiques"]}}, "prompt_status": "complete", "source_details": {"local_dir": "/images/posts/quaich-traditions/", "post_slug": "quaich-traditions", "public_url": "https://static.clan.com/media/blog/quaich-traditions_design-evolution.jpg", "filename_local": "quaich-traditions_design-evolution.jpg", "uploaded_path_relative": "/blog/quaich-traditions_design-evolution.jpg"}, "watermark_status": "pending", "generation_status": "pending"}	f	\N	2025-05-18 16:25:20.760527	2025-05-18 16:25:20.760528
154	quaich-traditions_wedding-ceremony.jpg	\N	../../app/static/images/posts/quaich-traditions_wedding-ceremony.jpg	Couple sharing whisky from a quaich during their Scottish wedding	A central part of Scottish weddings, the quaich seals the couple's commitment.	A warmly lit, intimate depiction of a traditional Scottish wedding ceremony set in a rustic Highland chapel or castle. A bride and groom in traditional Scottish wedding attire (kilt and dress) joyfully share whisky from an ornate silver quaich. Family and friends surround them, smiling and celebrating, highlighting the quaich’s role as a symbol of shared joy and commitment.	Needs final image generation.	{"notes": "Needs final image generation.", "prompt": "A warmly lit, intimate depiction of a traditional Scottish wedding ceremony set in a rustic Highland chapel or castle. A bride and groom in traditional Scottish wedding attire (kilt and dress) joyfully share whisky from an ornate silver quaich. Family and friends surround them, smiling and celebrating, highlighting the quaich’s role as a symbol of shared joy and commitment.", "status": "pending_review", "metadata": {"alt": "Couple sharing whisky from a quaich during their Scottish wedding", "blog_caption": "A central part of Scottish weddings, the quaich seals the couple's commitment."}, "description": "The Quaich in Ceremony and Celebration", "syndication": {"facebook": {"status": "pending", "caption": "From weddings and births to farewells, the quaich has long marked significant life events in Scotland, symbolizing shared moments and collective memory. The wedding ceremony is a particularly cherished tradition. #ScottishCustoms #Quaich #LifeEvents #WeddingIdeas"}, "instagram": {"status": "pending", "caption": "Sealing the vows with a sip! The quaich is a beautiful tradition in Scottish weddings, symbolizing the couple's commitment to share life's journey together. ❤️ #ScottishWedding #WeddingTradition #QuaichCeremony #CupOfFriendship #LoveAndWhisky", "hashtags": ["ScottishWedding", "WeddingTradition", "QuaichCeremony", "CupOfFriendship", "LoveAndWhisky", "CelticWedding"]}}, "prompt_status": "complete", "source_details": {"local_dir": "/images/posts/quaich-traditions/", "post_slug": "quaich-traditions", "public_url": "https://static.clan.com/media/blog/quaich-traditions_wedding-ceremony.jpg", "filename_local": "quaich-traditions_wedding-ceremony.jpg", "uploaded_path_relative": "/blog/quaich-traditions_wedding-ceremony.jpg"}, "watermark_status": "pending", "generation_status": "pending"}	f	\N	2025-05-18 16:25:20.761794	2025-05-18 16:25:20.761795
155	quaich-traditions_royal-gift.jpg	\N	../../app/static/images/posts/quaich-traditions_royal-gift.jpg	King James VI presenting an ornate silver quaich as a gift	Royal approval: King James VI gifting a quaich highlights its diplomatic importance.	A historically accurate and majestic scene from the Scottish royal court in the late 16th century, showing King James VI presenting a luxurious, intricately decorated silver quaich as a diplomatic gift to a visiting dignitary. Include richly detailed period costumes, royal regalia, ornate throne setting, and realistic expressions conveying goodwill and diplomacy.	Needs final image generation.	{"notes": "Needs final image generation.", "prompt": "A historically accurate and majestic scene from the Scottish royal court in the late 16th century, showing King James VI presenting a luxurious, intricately decorated silver quaich as a diplomatic gift to a visiting dignitary. Include richly detailed period costumes, royal regalia, ornate throne setting, and realistic expressions conveying goodwill and diplomacy.", "status": "pending_review", "metadata": {"alt": "King James VI presenting an ornate silver quaich as a gift", "blog_caption": "Royal approval: King James VI gifting a quaich highlights its diplomatic importance."}, "description": "Quaich and Royal Connections", "syndication": {"facebook": {"status": "pending", "caption": "The quaich's influence reached the highest courts. King James VI famously gifted quaichs, and later royal visits by Queen Victoria helped solidify its status as a treasured symbol of Scottish heritage recognised by royalty. #ScottishRoyalty #QuaichHistory #HistoricalObjects"}, "instagram": {"status": "pending", "caption": "Fit for a king! 👑 Scottish monarchs like James VI used the quaich as a significant gift, cementing alliances and showcasing Scottish hospitality to royalty and dignitaries. #RoyalScotland #KingJamesVI #Quaich #DiplomaticGift #ScottishHistory #Silverware", "hashtags": ["RoyalScotland", "KingJamesVI", "Quaich", "DiplomaticGift", "ScottishHistory", "Silverware", "16thCentury"]}}, "prompt_status": "complete", "source_details": {"local_dir": "/images/posts/quaich-traditions/", "post_slug": "quaich-traditions", "public_url": "https://static.clan.com/media/blog/quaich-traditions_royal-gift.jpg", "filename_local": "quaich-traditions_royal-gift.jpg", "uploaded_path_relative": "/blog/quaich-traditions_royal-gift.jpg"}, "watermark_status": "pending", "generation_status": "pending"}	f	\N	2025-05-18 16:25:20.763497	2025-05-18 16:25:20.763499
156	quaich-traditions_whisky-pairing.jpg	\N	../../app/static/images/posts/quaich-traditions_whisky-pairing.jpg	Pewter quaich filled with whisky resting on an oak barrel	A perfect pairing: The quaich often held whisky, Scotland's famous spirit.	A cozy, authentic Scottish scene inside a historical whisky distillery tasting room. A polished pewter quaich, prominently placed on an oak barrel, holds golden whisky illuminated warmly by natural window light. Surround it with whisky bottles, barley sheaves, and rustic distillery equipment, highlighting the timeless Scottish pairing of quaich and whisky.	Needs final image generation.	{"notes": "Needs final image generation.", "prompt": "A cozy, authentic Scottish scene inside a historical whisky distillery tasting room. A polished pewter quaich, prominently placed on an oak barrel, holds golden whisky illuminated warmly by natural window light. Surround it with whisky bottles, barley sheaves, and rustic distillery equipment, highlighting the timeless Scottish pairing of quaich and whisky.", "status": "pending_review", "metadata": {"alt": "Pewter quaich filled with whisky resting on an oak barrel", "blog_caption": "A perfect pairing: The quaich often held whisky, Scotland's famous spirit."}, "description": "Quaich Traditions and Whisky", "syndication": {"facebook": {"status": "pending", "caption": "What's traditionally served in a quaich? Often, it's Scotland's national drink – whisky! This pairing enhances the symbolism of warmth and welcome, a tradition often kept alive in distilleries today. #WhiskyFacts #Quaich #ScottishDrinks #Hospitality"}, "instagram": {"status": "pending", "caption": "Name a more iconic duo... 😉 The quaich and Scotch whisky! Sharing a dram from the 'cup of friendship' is a cornerstone of Scottish hospitality. Slàinte! 🥃 #QuaichAndWhisky #ScotchWhisky #ScottishHospitality #WhiskyTasting #Slainte #Scotland #Distillery", "hashtags": ["QuaichAndWhisky", "ScotchWhisky", "ScottishHospitality", "WhiskyTasting", "Slainte", "Scotland", "Distillery", "Pewter"]}}, "prompt_status": "complete", "source_details": {"local_dir": "/images/posts/quaich-traditions/", "post_slug": "quaich-traditions", "public_url": "https://static.clan.com/media/blog/quaich-traditions_whisky-pairing.jpg", "filename_local": "quaich-traditions_whisky-pairing.jpg", "uploaded_path_relative": "/blog/quaich-traditions_whisky-pairing.jpg"}, "watermark_status": "pending", "generation_status": "pending"}	f	\N	2025-05-18 16:25:20.764825	2025-05-18 16:25:20.764827
157	quaich-traditions_decline-revival.jpg	\N	../../app/static/images/posts/quaich-traditions_decline-revival.jpg	Split image showing a stored quaich vs. one used in a modern festival	From quiet preservation during decline to vibrant celebration in its revival.	An evocative illustration symbolizing both cultural decline and revival. On one side, a shadowed Scottish Highland cottage interior with a simple wooden quaich stored carefully on a shelf, symbolizing suppressed cultural traditions during the 18th-century Highland Clearances. On the other, bright revival imagery showcasing Scottish pride with restored quaich traditions amid Highland festivals and celebrations in vivid tartan colors.	Needs final image generation.	{"notes": "Needs final image generation.", "prompt": "An evocative illustration symbolizing both cultural decline and revival. On one side, a shadowed Scottish Highland cottage interior with a simple wooden quaich stored carefully on a shelf, symbolizing suppressed cultural traditions during the 18th-century Highland Clearances. On the other, bright revival imagery showcasing Scottish pride with restored quaich traditions amid Highland festivals and celebrations in vivid tartan colors.", "status": "pending_review", "metadata": {"alt": "Split image showing a stored quaich vs. one used in a modern festival", "blog_caption": "From quiet preservation during decline to vibrant celebration in its revival."}, "description": "Cultural Decline and Revival", "syndication": {"facebook": {"status": "pending", "caption": "Like many aspects of Highland culture, the quaich faced decline during periods of upheaval. But the tradition was preserved and saw a strong revival, becoming a cherished national symbol once again. #ScottishHeritage #CulturalHistory #Revival"}, "instagram": {"status": "pending", "caption": "A story of resilience! 🔥 Though Highland culture faced suppression, traditions like the quaich persisted quietly, ready for a vibrant revival in later centuries. #CulturalRevival #ScottishResilience #Quaich #HighlandHistory #Jacobite #ScotlandStrong", "hashtags": ["CulturalRevival", "ScottishResilience", "Quaich", "HighlandHistory", "Jacobite", "ScotlandStrong"]}}, "prompt_status": "complete", "source_details": {"local_dir": "/images/posts/quaich-traditions/", "post_slug": "quaich-traditions", "public_url": "https://static.clan.com/media/blog/quaich-traditions_decline-revival.jpg", "filename_local": "quaich-traditions_decline-revival.jpg", "uploaded_path_relative": "/blog/quaich-traditions_decline-revival.jpg"}, "watermark_status": "pending", "generation_status": "pending"}	f	\N	2025-05-18 16:25:20.766249	2025-05-18 16:25:20.766251
158	quaich-traditions_contemporary-culture.jpg	\N	../../app/static/images/posts/quaich-traditions_contemporary-culture.jpg	Modern couple celebrating with a silver quaich at their wedding	The quaich tradition lives on in contemporary Scottish celebrations like weddings.	A cheerful, contemporary Scottish wedding reception scene in a modern venue with subtle traditional touches. A couple dressed in modern formal attire joyfully holds a sleek, polished silver quaich, capturing a modern continuation of the ancient tradition. Guests celebrate in the background, showing the quaich’s enduring symbolism of unity and friendship.	Needs final image generation.	{"notes": "Needs final image generation.", "prompt": "A cheerful, contemporary Scottish wedding reception scene in a modern venue with subtle traditional touches. A couple dressed in modern formal attire joyfully holds a sleek, polished silver quaich, capturing a modern continuation of the ancient tradition. Guests celebrate in the background, showing the quaich’s enduring symbolism of unity and friendship.", "status": "pending_review", "metadata": {"alt": "Modern couple celebrating with a silver quaich at their wedding", "blog_caption": "The quaich tradition lives on in contemporary Scottish celebrations like weddings."}, "description": "The Quaich in Contemporary Scottish Culture", "syndication": {"facebook": {"status": "pending", "caption": "The quaich isn't just history! It's actively used in contemporary Scottish culture, especially weddings, and cherished as gifts and connections to ancestry by Scots around the globe. #LivingTradition #ScottishCultureToday #QuaichLove"}, "instagram": {"status": "pending", "caption": "Tradition endures! The quaich remains a beloved part of modern Scottish life, especially at weddings, anniversaries, and as meaningful gifts connecting Scots worldwide to their heritage. #ModernScotland #ScottishTradition #Quaich #WeddingGift #Heritage #FamilyHeirloom", "hashtags": ["ModernScotland", "ScottishTradition", "Quaich", "WeddingGift", "Heritage", "FamilyHeirloom", "Diaspora"]}}, "prompt_status": "complete", "source_details": {"local_dir": "/images/posts/quaich-traditions/", "post_slug": "quaich-traditions", "public_url": "https://static.clan.com/media/blog/quaich-traditions_contemporary-culture.jpg", "filename_local": "quaich-traditions_contemporary-culture.jpg", "uploaded_path_relative": "/blog/quaich-traditions_contemporary-culture.jpg"}, "watermark_status": "pending", "generation_status": "pending"}	f	\N	2025-05-18 16:25:20.767514	2025-05-18 16:25:20.767515
159	quaich-traditions_modern-diplomacy.jpg	\N	../../app/static/images/posts/quaich-traditions_modern-diplomacy.jpg	Scottish official presenting an engraved quaich to a diplomat	A modern symbol of goodwill: The quaich used in international diplomacy.	A formal diplomatic ceremony at a modern Scottish government building or historic site, showing a Scottish official warmly presenting a gleaming, engraved quaich to an international representative. Capture respectful, friendly interactions, modern business attire, official flags, and expressions conveying genuine goodwill, emphasizing the quaich’s role in contemporary diplomacy.	Needs final image generation.	{"notes": "Needs final image generation.", "prompt": "A formal diplomatic ceremony at a modern Scottish government building or historic site, showing a Scottish official warmly presenting a gleaming, engraved quaich to an international representative. Capture respectful, friendly interactions, modern business attire, official flags, and expressions conveying genuine goodwill, emphasizing the quaich’s role in contemporary diplomacy.", "status": "pending_review", "metadata": {"alt": "Scottish official presenting an engraved quaich to a diplomat", "blog_caption": "A modern symbol of goodwill: The quaich used in international diplomacy."}, "description": "Quaich as a Modern Symbol of Friendship and Diplomacy", "syndication": {"facebook": {"status": "pending", "caption": "From clan symbol to international gesture! The quaich is now frequently used in modern diplomacy by Scottish leaders to represent friendship and build connections across borders. #Symbolism #ScotlandOnTheWorldStage #Diplomacy"}, "instagram": {"status": "pending", "caption": "Scotland's cup of friendship goes global! 🤝 Today, the quaich is often presented as a diplomatic gift, symbolising goodwill, mutual respect, and partnership on the international stage. #ScottishDiplomacy #Quaich #FriendshipCup #InternationalRelations #ScotlandTheWorld", "hashtags": ["ScottishDiplomacy", "Quaich", "FriendshipCup", "InternationalRelations", "ScotlandTheWorld", "GlobalScot"]}}, "prompt_status": "complete", "source_details": {"local_dir": "/images/posts/quaich-traditions/", "post_slug": "quaich-traditions", "public_url": "https://static.clan.com/media/blog/quaich-traditions_modern-diplomacy.jpg", "filename_local": "quaich-traditions_modern-diplomacy.jpg", "uploaded_path_relative": "/blog/quaich-traditions_modern-diplomacy.jpg"}, "watermark_status": "pending", "generation_status": "pending"}	f	\N	2025-05-18 16:25:20.768814	2025-05-18 16:25:20.768816
160	quaich-traditions_collecting-quaichs.jpg	\N	../../app/static/images/posts/quaich-traditions_collecting-quaichs.jpg	Museum display showing a collection of antique and modern quaichs	Prized by collectors: Antique and modern quaichs displayed in a museum setting.	A museum-quality display illustrating various antique and modern quaichs arranged meticulously within a glass showcase in a Scottish cultural heritage museum. Quaichs range from antique silver pieces adorned with intricate Celtic engraving to contemporary minimalist designs, accurately reflecting different historical periods. Include subtle museum lighting to emphasize craftsmanship and cultural value.	Needs final image generation.	{"notes": "Needs final image generation.", "prompt": "A museum-quality display illustrating various antique and modern quaichs arranged meticulously within a glass showcase in a Scottish cultural heritage museum. Quaichs range from antique silver pieces adorned with intricate Celtic engraving to contemporary minimalist designs, accurately reflecting different historical periods. Include subtle museum lighting to emphasize craftsmanship and cultural value.", "status": "pending_review", "metadata": {"alt": "Museum display showing a collection of antique and modern quaichs", "blog_caption": "Prized by collectors: Antique and modern quaichs displayed in a museum setting."}, "description": "Collecting Quaichs", "syndication": {"facebook": {"status": "pending", "caption": "Quaichs are not just functional; they're collectible works of art! From historic silver pieces to contemporary designs, they represent centuries of Scottish craftsmanship and culture. #ScottishCollectibles #Quaich #ArtHistory #Craftsmanship"}, "instagram": {"status": "pending", "caption": "Collecting history! Antique silver quaichs are highly sought after, while modern artisans keep the tradition alive with new designs. A beautiful blend of heritage and craft. #QuaichCollecting #AntiqueSilver #ScottishAntiques #ModernCraft #MuseumDisplay #Collectible", "hashtags": ["QuaichCollecting", "AntiqueSilver", "ScottishAntiques", "ModernCraft", "MuseumDisplay", "Collectible", "CelticArt"]}}, "prompt_status": "complete", "source_details": {"local_dir": "/images/posts/quaich-traditions/", "post_slug": "quaich-traditions", "public_url": "https://static.clan.com/media/blog/quaich-traditions_collecting-quaichs.jpg", "filename_local": "quaich-traditions_collecting-quaichs.jpg", "uploaded_path_relative": "/blog/quaich-traditions_collecting-quaichs.jpg"}, "watermark_status": "pending", "generation_status": "pending"}	f	\N	2025-05-18 16:25:20.770783	2025-05-18 16:25:20.770784
161	quaich-traditions_enduring-legacy.png	\N	../../app/static/images/posts/quaich-traditions_enduring-legacy.png	Hands of different generations holding a silver quaich against Highland scenery	The enduring power of the quaich, passed through generations.	A visually poetic image symbolizing the enduring legacy and cultural power of the quaich, featuring an elegant silver quaich gently held by hands of different generations—a child’s hand alongside an older adult’s—set against a softly blurred backdrop of Scottish Highlands scenery. This serene image highlights unity, heritage, and continuity through generations.	Needs final image generation for conclusion.	{"notes": "Needs final image generation for conclusion.", "prompt": "A visually poetic image symbolizing the enduring legacy and cultural power of the quaich, featuring an elegant silver quaich gently held by hands of different generations—a child’s hand alongside an older adult’s—set against a softly blurred backdrop of Scottish Highlands scenery. This serene image highlights unity, heritage, and continuity through generations.", "status": "pending_review", "metadata": {"alt": "Hands of different generations holding a silver quaich against Highland scenery", "blog_caption": "The enduring power of the quaich, passed through generations."}, "description": "Conclusion", "syndication": {"facebook": {"status": "pending", "caption": "The quaich's journey reflects Scotland's own story. From practical cup to cherished emblem, it continues to connect generations through its simple, powerful message of unity and goodwill. #ScottishTradition #Quaich #Legacy #Friendship"}, "instagram": {"status": "pending", "caption": "Generations united by tradition. The Scottish quaich endures as a powerful symbol of friendship, hospitality, and cultural continuity. A legacy held in hand. #EnduringLegacy #ScottishHeritage #Quaich #FamilyTradition #Generations #Scotland", "hashtags": ["EnduringLegacy", "ScottishHeritage", "Quaich", "FamilyTradition", "Generations", "Scotland", "Symbol"]}}, "prompt_status": "complete", "source_details": {"local_dir": "/images/posts/quaich-traditions/", "post_slug": "quaich-traditions", "public_url": null, "filename_local": "quaich-traditions_enduring-legacy.png", "uploaded_path_relative": null}, "watermark_status": "pending", "generation_status": "pending"}	f	\N	2025-05-18 16:25:20.772085	2025-05-18 16:25:20.772087
\.


--
-- Data for Name: image_format; Type: TABLE DATA; Schema: public; Owner: nickfiddes
--

COPY public.image_format (id, title, description, width, height, steps, guidance_scale, extra_settings, created_at, updated_at) FROM stdin;
\.


--
-- Data for Name: image_prompt_example; Type: TABLE DATA; Schema: public; Owner: nickfiddes
--

COPY public.image_prompt_example (id, description, style_id, format_id, provider, image_setting_id, created_at, updated_at) FROM stdin;
\.


--
-- Data for Name: image_setting; Type: TABLE DATA; Schema: public; Owner: nickfiddes
--

COPY public.image_setting (id, name, style_id, format_id, width, height, steps, guidance_scale, extra_settings, created_at, updated_at) FROM stdin;
\.


--
-- Data for Name: image_style; Type: TABLE DATA; Schema: public; Owner: nickfiddes
--

COPY public.image_style (id, title, description, created_at, updated_at) FROM stdin;
\.


--
-- Data for Name: llm_action; Type: TABLE DATA; Schema: public; Owner: nickfiddes
--

COPY public.llm_action (id, field_name, prompt_template, prompt_template_id, llm_model, temperature, max_tokens, "order", created_at, updated_at, input_field, output_field) FROM stdin;
3	Brief from idea_seed	[system] You are an expert in Scottish history and culture, dedicated to accuracy and authenticity in everything you do. You adhere to academic values, but love to popularise ideas to make them easily understandable to those with no knowledge of your specialism.\n[system] Expand the following short idea into a paragraph-length brief for a long-form blog article. The brief should outline the scope, angle, tone, and core ideas that could be developed into a full article. Use clear, engaging language.\n\nShort Idea:\n[data:idea_seed]	23	llama3.1:70b	0.7	1000	0	2025-05-26 18:05:33.205671	2025-05-26 18:05:33.205671	\N	\N
2	test	You are an expert historical researcher and cultural writer specializing in Scottish history, traditions, and heritage. Your task is to expand the basic idea of {{basic_idea}} into an around 50 (fifty) ideas that outline and describe the full scope of an in-depth blog article about that topic in Scottish culture. Suggest (for example) different historical angles, cultural significance, social impact, key events or periods, folklore, notable figures, and/or modern relevance. Focus on breadth of ideas without writing the actual article — this list will as a guide for what should be covered in a full blog post. Keep each idea succinct but be imaginative, including both grand scale ideas and micro ideas. Return only a valid JSON array of ideas, with no preamble, commentary, or formatting. Output must begin with [ and end with ] — no code blocks or text outside the array.	7	llama3.1:70b	0.7	1000	0	2025-05-26 18:04:36.620083	2025-05-26 18:49:55.743003	\N	\N
4	50 Ideas from Summary	[system] You are an expert in Scottish history and culture, dedicated to accuracy and authenticity in everything you do. You adhere to academic values, but love to popularise ideas to make them easily understandable to those with no knowledge of your specialism.\n[system] Here is a section of text to process:\n[data:summary]\n[system] Research the subject matter thoroughly then return exactly fifty (50) ideas to go into an interesting article on the topic. Ensure these are factual, or else clearly identified as fictional or legendary. Aim for a diversity of ideas ranging from scientific to whimsical.\n[system] Please return a JSON object where each item is in an array identified as ITEM. Return no preamble, commentary, or formatting, and no code blocks or text outside the array	24	mistral	0.7	1000	0	2025-05-27 13:22:34.09343	2025-05-27 13:22:34.09343	\N	\N
\.


--
-- Data for Name: llm_action_history; Type: TABLE DATA; Schema: public; Owner: nickfiddes
--

COPY public.llm_action_history (id, action_id, post_id, input_text, output_text, status, error_message, created_at) FROM stdin;
\.


--
-- Data for Name: llm_interaction; Type: TABLE DATA; Schema: public; Owner: nickfiddes
--

COPY public.llm_interaction (id, prompt_id, input_text, output_text, parameters_used, interaction_metadata, created_at) FROM stdin;
\.


--
-- Data for Name: llm_model; Type: TABLE DATA; Schema: public; Owner: nickfiddes
--

COPY public.llm_model (id, name, provider_id, description, strengths, weaknesses, api_params, created_at, updated_at) FROM stdin;
1	mistral	1	Mistral 7B (local)	Fast, low resource, good for general tasks	Not as strong as GPT-4 for reasoning	{"max_tokens": 8192}	2025-05-26 11:02:54.337827	2025-05-26 11:02:54.337827
2	gpt-3.5-turbo	2	OpenAI GPT-3.5 Turbo	Fast, cheap, good for general tasks	Not as strong as GPT-4 for reasoning	{"max_tokens": 16384}	2025-05-26 11:07:20.603016	2025-05-26 11:07:20.603016
3	gpt-4-turbo	2	OpenAI GPT-4 Turbo	Strong reasoning, broad knowledge	Slower, more expensive	{"max_tokens": 128000}	2025-05-26 11:07:20.603016	2025-05-26 11:07:20.603016
4	gpt-4o	2	OpenAI GPT-4o	Fast, multimodal, strong reasoning	New, less tested	{"max_tokens": 128000}	2025-05-26 11:07:20.603016	2025-05-26 11:07:20.603016
5	claude-3-opus-20240229	3	Anthropic Claude 3 Opus	Very strong reasoning, long context	Expensive, slower	{"max_tokens": 200000}	2025-05-26 11:07:20.604904	2025-05-26 11:07:20.604904
6	claude-3-sonnet-20240229	3	Anthropic Claude 3 Sonnet	Strong, fast, cheaper than Opus	Slightly less capable	{"max_tokens": 200000}	2025-05-26 11:07:20.604904	2025-05-26 11:07:20.604904
7	claude-3-haiku-20240307	3	Anthropic Claude 3 Haiku	Fastest, cheapest Claude	Lower reasoning ability	{"max_tokens": 200000}	2025-05-26 11:07:20.604904	2025-05-26 11:07:20.604904
8	gemini-1.5-pro	4	Google Gemini 1.5 Pro	Multimodal, long context	New, less tested	{"max_tokens": 1048576}	2025-05-26 11:07:20.605505	2025-05-26 11:07:20.605505
9	gemini-1.0-pro	4	Google Gemini 1.0 Pro	Good for general tasks	Not as strong as GPT-4	{"max_tokens": 32768}	2025-05-26 11:07:20.605505	2025-05-26 11:07:20.605505
10	llama3.1:70b	1	Llama 3.1 70B (Ollama)	Large, strong reasoning	High resource usage	{"parameter_size": "70.6B"}	2025-05-26 11:07:20.605884	2025-05-26 11:07:20.605884
11	deepseek-coder:latest	1	DeepSeek Coder (Ollama)	Code generation	Small context	{"parameter_size": "1B"}	2025-05-26 11:07:20.605884	2025-05-26 11:07:20.605884
12	nomic-embed-text:latest	1	Nomic Embed Text (Ollama)	Embeddings	Not a chat model	{"parameter_size": "137M"}	2025-05-26 11:07:20.605884	2025-05-26 11:07:20.605884
13	qwen2.5-coder:1.5b-base	1	Qwen2.5 Coder 1.5B Base (Ollama)	Code, small model	Lower reasoning	{"parameter_size": "1.5B"}	2025-05-26 11:07:20.605884	2025-05-26 11:07:20.605884
14	llama3.1:8b	1	Llama 3.1 8B (Ollama)	Fast, low resource	Lower accuracy	{"parameter_size": "8.0B"}	2025-05-26 11:07:20.605884	2025-05-26 11:07:20.605884
15	qwq:32b	1	QWQ 32B (Ollama)	Large, strong reasoning	High resource usage	{"parameter_size": "32.8B"}	2025-05-26 11:07:20.605884	2025-05-26 11:07:20.605884
16	llama3.2:latest	1	Llama 3.2 (Ollama)	General tasks	Small context	{"parameter_size": "3.2B"}	2025-05-26 11:07:20.605884	2025-05-26 11:07:20.605884
17	qwen2.5:1.5b	1	Qwen2.5 1.5B (Ollama)	Small, fast	Lower reasoning	{"parameter_size": "1.5B"}	2025-05-26 11:07:20.605884	2025-05-26 11:07:20.605884
18	aya:35b	1	Aya 35B (Ollama)	Large, strong reasoning	High resource usage	{"parameter_size": "35.0B"}	2025-05-26 11:07:20.605884	2025-05-26 11:07:20.605884
19	qwen2.5:32b	1	Qwen2.5 32B (Ollama)	Large, strong reasoning	High resource usage	{"parameter_size": "32.8B"}	2025-05-26 11:07:20.605884	2025-05-26 11:07:20.605884
20	llama3:latest	1	Llama 3 (Ollama)	General tasks	Small context	{"parameter_size": "8B"}	2025-05-26 11:07:20.605884	2025-05-26 11:07:20.605884
21	mistral:latest	1	Mistral 7B (Ollama)	Fast, low resource	Lower accuracy	{"parameter_size": "7B"}	2025-05-26 11:07:20.605884	2025-05-26 11:07:20.605884
22	llava:latest	1	Llava (Ollama)	Multimodal	Experimental	{"parameter_size": "7B"}	2025-05-26 11:07:20.605884	2025-05-26 11:07:20.605884
23	mixtral:latest	1	Mixtral (Ollama)	Large, strong reasoning	High resource usage	{"parameter_size": "47B"}	2025-05-26 11:07:20.605884	2025-05-26 11:07:20.605884
\.


--
-- Data for Name: llm_prompt; Type: TABLE DATA; Schema: public; Owner: nickfiddes
--

COPY public.llm_prompt (id, name, description, prompt_text, system_prompt, parameters, "order", created_at, updated_at) FROM stdin;
11	Allocate Ideas to Sections	Allocate each idea to its most relevant section	You are a researcher specialising in sub-editing blog articles for specialist audiences. You have been commissioned to assist with a Scottish-interest article about {{basic_idea}} which will examine in depth these ideas.\n\nYou are given:\n- A list of section headings for a blog post about {{basic_idea}}, with the blog title "{{provisional_title}}", which discusses the ideas and themes listed below.\n\nYou must now distribute (to the most appropriate section) each idea from the list of ideas in JSON array format, given below.\n\nYour task:\n- Allocate each idea to the most appropriate section heading, using your best judgment.\n- Each idea must be assigned to exactly one section (no duplicates, no omissions).\n- Output a single JSON object where each key is a section heading from {{section_order}}, and the value is an array of ideas allocated to that section (can be empty if no ideas fit).\n- Do not invent or modify ideas or headings.\n- The output must be valid JSON, with all ideas used exactly once.\n\nExample output:\n{\n  "Introduction": ["idea 1"],\n  "History": ["idea 2", "idea 3"],\n  "Modern Usage": []\n}\n\nBegin.\n\nSection Headings:\n{{section_order}}\n\nIdeas:\n{{idea_scope}}\n\nOutput:	\N	\N	3	2025-05-04 14:30:59.400632	2025-05-05 13:23:13.166973
9	Interesting facts	Generate Interesting facts	You are a researcher specialising in finding curious facts for blog articles for specialist audiences. You have been commissioned to assist with an article about {{basic_idea}} which will examine in depth these ideas {{idea_scope}}.\n\nPlease do a deep dive into this topic and provide a list of up to ten unusual and interesting facts that people might not know, to make this article worth reading. \n\nReturn only a JSON array of paragraph titles, with no preamble, commentary, or formatting. Output must begin with [ and end with ] — no code blocks or text outside the array.”	\N	\N	1	2025-05-04 12:36:41.74155	2025-05-05 13:23:26.124861
5	Allocate Facts to Sections	Allocate each fact to its most relevant section	You are a researcher specialising in sub-editing blog articles for specialist audiences. You have been commissioned to assist with a Scottish-interest article about {{basic_idea}} which will examine in depth these ideas: {{idea_scope}}.\n\nYou are given:\n- A list of section headings for a blog post about {{basic_idea}}, with the blog title "{{provisional_title}}", which discusses the following ideas and themes: {{idea_scope}}.\n\nYou must now distribute (to the most appropriate section) each fact from the list of interesting facts in JSON array format, given below.\n\nYour task:\n- Allocate each fact to the most appropriate section heading, using your best judgment.\n- Each fact must be assigned to exactly one section (no duplicates, no omissions).\n- Output a single JSON object where each key is a section heading from {{section_order}}, and the value is an array of facts allocated to that section (can be empty if no facts fit).\n- Do not invent or modify facts or headings.\n- The output must be valid JSON, with all facts used exactly once.\n\nExample output:\n{\n  "Introduction": ["Fact 1"],\n  "History": ["Fact 2", "Fact 3"],\n  "Modern Usage": []\n}\n\nBegin.\n\nSection Headings:\n{{section_order}}\n\nInteresting Facts:\n{{interesting_facts}}\n\nOutput:	\N	\N	2	2025-05-04 12:37:27.007623	2025-05-05 13:23:13.165621
8	Catchy title	Expand the basic idea and scope into an engaging title	You are a professional copywriter and editor specializing in digital publishing and historical blogging.\n\nYour task is to generate one catchy and engaging blog title suitable for a wide audience from the ideas provided below. This is especially those interested in Scottish culture and heritage. The title should be compelling, relevant to the content, and appropriate for web publication.\n\nReturn only the title with no explanation, commentary, or additional text. Do NOT enclose it in quote marks.\n\n\nYour topic is the following:\n\t1.\tThe basic idea of: {{basic_idea}}\n\t2.\tTheses topics and angles:\n{{idea_scope}}	\N	\N	4	2025-05-04 11:30:44.517966	2025-05-05 13:23:03.832602
10	Structuring section headings	Thematic section	You are an experienced editor and content strategist. Your task is to analyze the blog post title and content below intended for a blog article on Scottish culture and heritage.\nGroup and organize the content into a logical structure by identifying distinct thematic sections.\nReturn only a JSON array of paragraph titles that represent the structure of the final article.\nEach title should be concise, descriptive, and reflect a key theme from the text.\nDo not include any explanation, commentary, or full text of the paragraphs. Return only a JSON array of paragraph titles, with no preamble, commentary, or formatting. Output must begin with [ and end with ] — no code blocks or text outside the array.\n---\n\nTitle: {{provisional_title}}\n\nScope of ideas:\n{{idea_scope}}\n\nSome interesting facts: 	\N	\N	5	2025-05-04 12:56:29.9372	2025-05-05 13:23:03.833402
7	Basic Idea to Idea Scope	Expand Basic Idea to Idea Scope	You are an expert historical researcher and cultural writer specializing in Scottish history, traditions, and heritage. Your task is to expand the basic idea of {{basic_idea}} into an around 50 (fifty) ideas that outline and describe the full scope of an in-depth blog article about that topic in Scottish culture. Suggest (for example) different historical angles, cultural significance, social impact, key events or periods, folklore, notable figures, and/or modern relevance. Focus on breadth of ideas without writing the actual article — this list will as a guide for what should be covered in a full blog post. Keep each idea succinct but be imaginative, including both grand scale ideas and micro ideas. Return only a valid JSON array of ideas, with no preamble, commentary, or formatting. Output must begin with [ and end with ] — no code blocks or text outside the array.	\N	\N	0	2025-05-04 11:18:41.267767	2025-05-05 13:23:08.776355
12	Author Section first draft		You are a professional historical writer specializing in Scottish culture and heritage.\nYour task is to write 2–3 well-written paragraphs for a blog article based on a specific section. IMPORTANT: you must write very specifically only about the sub-themes of this section heading, and AVOID duplicating or overlapping with topics in other sections. Before starting to write anything, consider exactly how this section DISTINCTLY DIFFERS from other sections and focus only on those ideas.\n\nYou are given:\n\t•\tThe overall subject of the blog post, which is: {{basic_idea}}\n\n\t•\tGeneral background context about the topic, describing the range of content the full blog will cover, which is: {{idea_scope}}\n\n\t•\tThe current section title to write under, which is: {{section_heading}}\n\n\t•\tConcepts and angles that should guide this section (but that you may also add to and expand) which are: {{ideas_to_include}}\n\n\t•\tSome interesting factual points that MUST be included in this section (do not omit any!) which are: {{facts_to_include}}\n\nWrite clear, informative, and engaging text that suits a public-facing blog while respecting historical accuracy. Use only UK-British spellings and idioms, avoiding Americanisms (eg colour not color, and 's' not 'z' in words like authorise). \nEnsure that all the ideas and facts mentioned above are incorporated meaningfully into the text.\nDo not include any commentary, headings, titles, or formatting — return only the body paragraphs in plain text.	\N	\N	6	2025-05-05 10:01:54.864346	2025-05-05 14:04:21.476545
13	Devise image concept	Devise image concept	You are a creative assistant generating a captivating illustration idea for a section of a Scottish-interest blog article. The image must be historically and culturally authentic, relevant to the specific section, and visually distinct from other sections of the article.\n\nYou will be given:\n\t•\tThe article title, which is: {{provisional_title}}\n\n\t•\tA summary of the article’s overall scope and themes, which are: {{idea_scope}}\n\n\t•\tA list of all section titles in the article, which are: \n{{section_order}}\n\n\t•\tThe specific section title that this will illustrate, which is: {{section_heading}}\n\n\t•\tThe full text of that section, which is: \n{{first_draft}}\n\n--\nYour task is to produce a single image concept suitable for illustration. The image should be:\n\t•\tRooted in Scottish history, culture, and environment\n\t•\tDistinct from concepts that might be used for other sections\n\t•\tVisually compelling and engaging for a general audience\n\t•\tSuitable for use as a featured image or embedded illustration\n\nFormat your response as follows:\n\nSection Illustration Prompt:\n<Detailed, descriptive scene for the image generation model, 1-3 sentences. Focus on visual composition, mood, setting, time period, and any symbolic elements relevant to this section’s theme. Use clear and evocative language suitable for stable diffusion or similar tools. Avoid repetition of other sections’ themes.>	\N	\N	0	2025-05-06 14:26:46.167752	2025-05-06 14:26:46.167759
23	Idea Seed to Brief		[system] You are an expert in Scottish history and culture, dedicated to accuracy and authenticity in everything you do. You adhere to academic values, but love to popularise ideas to make them easily understandable to those with no knowledge of your specialism.\n[system] Expand the following short idea into a paragraph-length brief for a long-form blog article. The brief should outline the scope, angle, tone, and core ideas that could be developed into a full article. Use clear, engaging language.\n\nShort Idea:\n[data:idea_seed]	\N	\N	0	2025-05-26 10:28:14.12568	2025-05-26 10:28:14.12568
24	50 ideas from Summary		[system] You are an expert in Scottish history and culture, dedicated to accuracy and authenticity in everything you do. You adhere to academic values, but love to popularise ideas to make them easily understandable to those with no knowledge of your specialism.\n[system] Here is a section of text to process:\n[data:summary]\n[system] Research the subject matter thoroughly then return exactly fifty (50) ideas to go into an interesting article on the topic. Ensure these are factual, or else clearly identified as fictional or legendary. Aim for a diversity of ideas ranging from scientific to whimsical.\n[system] Please return a JSON object where each item is in an array identified as ITEM. Return no preamble, commentary, or formatting, and no code blocks or text outside the array	\N	\N	0	2025-05-27 08:19:40.591203	2025-05-27 08:19:40.591203
\.


--
-- Data for Name: llm_prompt_part; Type: TABLE DATA; Schema: public; Owner: nickfiddes
--

COPY public.llm_prompt_part (id, type, content, tags, "order", created_at, updated_at, name, action_id, description) FROM stdin;
14	assistant	Your task is to expand the basic idea of {{basic_idea}} into an around 50 (fifty) ideas that outline and describe the full scope of an in-depth blog article about that topic in Scottish culture. Suggest (for example) different historical angles, cultural significance, social impact, key events or periods, folklore, notable figures, and/or modern relevance. Focus on breadth of ideas without writing the actual article — this list will as a guide for what should be covered in a full blog post. Keep each idea succinct but be imaginative, including both grand scale ideas and micro ideas. 	{role}	10	2025-05-26 07:55:08.615401	2025-05-26 07:55:08.615401	Create 50 ideas	\N	\N
4	user	The style should have a traditional Scottish style	{role}	4	2025-05-25 17:32:28.03507	2025-05-26 07:55:25.936599	Scottish style	\N	\N
18	system	You are an expert in Scottish history and culture, dedicated to accuracy and authenticity in everything you do. You adhere to academic values, but love to popularise ideas to make them easily understandable to those with no knowledge of your specialism.	{role}	1	2025-05-26 10:20:26.867218	2025-05-26 10:20:26.867218	Scottish cultural expert	\N	\N
7	system	You are an expert historical researcher and cultural writer specializing in Scottish history, traditions, and heritage.	{role}	20	2025-05-25 19:42:51.572525	2025-05-26 10:20:56.682711	Historical researcher	\N	\N
8	system	You are a creative assistant generating a captivating illustration idea for a section of a Scottish-interest blog article. The image must be historically and culturally authentic, relevant to the specific section, and visually distinct from other sections of the article. 	{role}	20	2025-05-25 20:16:54.255069	2025-05-26 10:21:08.159163	Creative visualiser	\N	\N
9	system	You are a researcher specialising in finding curious facts for blog articles for specialist audiences.	{role}	20	2025-05-26 07:41:45.978276	2025-05-26 10:21:16.303707	Factoid researcher	\N	\N
11	system	You are a researcher specialising in sub-editing blog articles for specialist audiences. 	{role}	20	2025-05-26 07:46:28.823794	2025-05-26 10:21:26.491256	Sub-editor	\N	\N
12	system	You are a professional copywriter and editor specializing in digital publishing and historical blogging.	{role}	20	2025-05-26 07:47:33.873145	2025-05-26 10:21:33.122181	Editor-copywriter	\N	\N
13	system	You are an experienced Social Media marketeer and content strategist. 	{role}	20	2025-05-26 07:48:43.999092	2025-05-26 10:21:40.448863	Social media strategist	\N	\N
15	system	Return only a valid JSON array of ideas, with no preamble, commentary, or formatting. Output must begin with [ and end with ] — no code blocks or text outside the array.	{format}	10	2025-05-26 07:56:30.930082	2025-05-27 07:55:10.768261	JSON format	\N	\N
16	system	You are a naming assistant that returns exactly three creative but plausible names for each item provided.	{specimen}	1000	2025-05-26 08:34:59.747679	2025-05-27 07:55:34.216258	SPECIMEN SYSTEM	\N	\N
19	system	Expand the following short idea into a paragraph-length brief for a long-form blog article. The brief should outline the scope, angle, tone, and core ideas that could be developed into a full article. Use clear, engaging language.\n\nShort Idea: 	{operation}	2	2025-05-26 10:27:05.283848	2025-05-27 07:56:02.499148	idea_seed expansion	\N	\N
17	user	Here is a JSON list of items:\\n\\n{\\"animals\\": [\\"dog\\", \\"cat\\", \\"bird\\", \\"hamster\\", \\"lizard\\"]}\\n\\nPlease return a JSON object where each animal has an array of three possible names.	{specimen}	1000	2025-05-26 08:36:08.771728	2025-05-27 08:00:34.170418	SPECIMEN USER	\N	\N
21	system	Here is a JSON list of items:	{format}	0	2025-05-27 08:02:58.7468	2025-05-27 08:02:58.7468	Input JSON list	\N	\N
22	system	Here is a section of text to process:	{format}	0	2025-05-27 08:04:06.164223	2025-05-27 08:04:06.164223	Input TEXT section	\N	\N
24	system	Please return a section of text with NO commentary, annotations, or special markup.	{format}	0	2025-05-27 08:07:03.50217	2025-05-27 08:07:03.50217	Output plain TEXT	\N	\N
23	system	Please return a JSON object where each item is in an array identified as ITEM. Return no preamble, commentary, or formatting, and no code blocks or text outside the array	{format}	0	2025-05-27 08:05:33.661989	2025-05-27 08:08:37.715938	Output JSON	\N	\N
25	system	Your task is to expand the basic outline below into an array of around 50 (fifty) ideas that outline and describe the full scope of an in-depth blog article about that topic in Scottish culture. Research the subject matter thoroughly then suggest (for example) different historical angles, cultural significance, social impact, key events or periods, folklore, notable figures, and/or modern relevance. Include both grand scale ideas and micro ideas.  Aim for a diversity of ideas ranging from scientific to whimsical. Focus on breadth of ideas without writing the actual article — this list will as a guide for what should be covered in a full blog post. Keep each idea returned succinct, but be imaginative. Ensure these are factual, or else clearly identified as fictional or legendary. 	{operation}	0	2025-05-27 08:12:38.674885	2025-05-27 08:23:29.071151	50 ideas	\N	\N
\.


--
-- Data for Name: llm_provider; Type: TABLE DATA; Schema: public; Owner: nickfiddes
--

COPY public.llm_provider (id, name, type, api_url, auth_token, description, created_at, updated_at) FROM stdin;
1	Ollama (local)	local	http://localhost:11434	\N	Local Ollama server for fast, private inference.	2025-05-26 10:58:23.513987	2025-05-26 10:58:23.513987
2	OpenAI	openai	https://api.openai.com/v1	\N	OpenAI API for GPT-3.5, GPT-4, etc.	2025-05-26 11:06:00.780193	2025-05-26 11:06:00.780193
3	Anthropic	other	https://api.anthropic.com/v1	\N	Anthropic Claude API.	2025-05-26 11:06:01.915015	2025-05-26 11:06:01.915015
4	Gemini	other	https://generativelanguage.googleapis.com/v1beta	\N	Google Gemini API.	2025-05-26 11:06:02.450166	2025-05-26 11:06:02.450166
\.


--
-- Data for Name: post; Type: TABLE DATA; Schema: public; Owner: nickfiddes
--

COPY public.post (id, title, slug, summary, created_at, updated_at, header_image_id, status, idea_seed, substage_id) FROM stdin;
2	hand-fasting...	hand-fasting-1	\N	2025-05-04 09:47:22.571191	2025-05-04 16:15:45.445826	\N	draft	\N	1
4	The Evolution of the Modern Scottish Kilt	kilt-evolution	<p>The <b>Scottish kilt</b>, a garment that has become synonymous with Highland culture and Scottish identity, has undergone significant evolution since its inception. From its origins as the <b>'great kilt'</b> or <b>'belted plaid'</b> to the modern form we recognize today, its journey reflects Scotland's rich history of tradition, adaptation, and resilience. This article explores the kilt's transformation through time, examining how historical events, practical needs, and cultural shifts have shaped this iconic symbol of Scottish heritage.</p>\n	2023-10-20 00:00:00	2025-05-18 16:25:20.775043	139	draft	\N	1
5	English tartans	english-tartans	<p><strong>English tartans</strong> have a fascinating trajectory, intertwining with the better-known <strong>Scottish tartan</strong> tradition yet developing a character of their own. Although <strong>tartan</strong> is primarily identified with Scotland, England’s engagement with tartan spans from ancient use of <strong>checkered cloth</strong> by <strong>Celtic</strong> peoples to a modern revival of regional and national patterns. This comprehensive overview examines the emergence and development of tartans in England – from historical origins and regional examples to influences of the <strong>textile industry</strong>, expressions of <strong>national identity</strong>, and contemporary <strong>design movements</strong> – all while preserving every detail of the rich historical narrative.</p>	2025-04-18 00:00:00	2025-05-18 16:25:20.785179	\N	draft	\N	1
6	The Tradition of the Scottish Quaich	quaich-traditions	<p>The <b>quaich</b>, Scotland's cherished <b>"cup of friendship,"</b> holds a special place in Scottish tradition, symbolising hospitality, unity, and trust. Originating centuries ago, its simple yet profound design—a shallow, two-handled bowl—embodies a rich history spanning <b>clan</b> gatherings, ceremonial rituals, royal celebrations, and contemporary <b>weddings</b>. This article explores the evolution of the quaich, delving into its earliest origins, cultural significance, craftsmanship, historical anecdotes, and enduring presence in modern Scottish culture.</p>\n	2023-10-27 00:00:00	2025-05-18 16:25:20.822509	150	draft	\N	1
1	hand-fasting...	hand-fasting	\N	2025-05-03 16:05:45.941465	2025-05-21 22:58:00.655742	\N	deleted	\N	1
11	dod hatching...	dod-hatching		2025-05-21 21:59:50.069028	2025-05-21 22:58:29.225706	\N	deleted	dod hatching	1
7	cat torture...	cat-torture		2025-05-21 21:44:07.808692	2025-05-21 22:58:52.977616	\N	deleted	cat torture	1
10	Test idea for workflow redirect...	test-idea-for-workflow-redirect		2025-05-21 21:58:45.229565	2025-05-21 23:03:36.776851	\N	deleted	Test idea for workflow redirect	1
12	green eggs...	green-eggs		2025-05-21 22:30:01.563795	2025-05-21 23:03:52.645833	\N	deleted	green eggs	1
8	treacle bending...	treacle-bending		2025-05-21 21:49:33.812708	2025-05-21 23:03:57.595772	\N	deleted	treacle bending	1
3	tartan fabrics...	tartan-fabrics		2025-05-26 19:57:47.169588	2025-05-26 19:57:47.169588	\N	draft	tartan fabrics	\N
9	ankle worship...	ankle-worship		2025-05-21 21:55:27.127066	2025-05-26 19:59:56.038415	\N	deleted	ankle worship	1
14	mangle wrangling...	mangle-wrangling		2025-05-26 20:12:36.858356	2025-05-26 20:12:36.858356	\N	draft	mangle wrangling	\N
13	dog eating...	dog-eating		2025-05-26 20:06:27.151898	2025-05-26 20:12:45.27793	\N	deleted	dog eating	\N
\.


--
-- Data for Name: post_categories; Type: TABLE DATA; Schema: public; Owner: nickfiddes
--

COPY public.post_categories (post_id, category_id) FROM stdin;
\.


--
-- Data for Name: post_development; Type: TABLE DATA; Schema: public; Owner: nickfiddes
--

COPY public.post_development (id, post_id, basic_idea, provisional_title, idea_scope, topics_to_cover, interesting_facts, tartans_products, section_planning, section_headings, section_order, main_title, subtitle, intro_blurb, conclusion, basic_metadata, tags, categories, image_captions, seo_optimization, self_review, peer_review, final_check, scheduling, deployment, verification, feedback_collection, content_updates, version_control, platform_selection, content_adaptation, distribution, engagement_tracking) FROM stdin;
1	1	hand-fasting	\N	\N	\N	\N	\N	\N	\N	\N	\N	\N	\N	\N	\N	\N	\N	\N	\N	\N	\N	\N	\N	\N	\N	\N	\N	\N	\N	\N	\N	\N
2	2	hand-fasting	Tying the Knot: Unraveling Scotland's Ancient Tradition of Hand-Fasting	[\n  "Define hand-fasting in Scottish culture and its ancient origins",\n  "Explain the difference between hand-fasting and marriage",\n  "Discuss the historical context of hand-fasting in Scotland's medieval period",\n  "Describe the role of hand-fasting in Celtic tradition and mythology",\n  "Explore the cultural significance of hand-fasting in Scottish folklore",\n  "Analyze the social impact of hand-fasting on women's lives in Scotland's past",\n  "Delve into the history of hand-fasting as a trial marriage or 'betrothal'",\n  "Examine the symbolism behind the hand-fasting ceremony",\n  "Discuss notable historical figures who practiced hand-fasting, such as Robert Burns",\n  "Look at how hand-fasting was used to seal alliances and agreements between clans",\n  "Describe the role of the 'hand-fastening' ritual in Scottish wedding ceremonies",\n  "Investigate the influence of Christianity on the practice of hand-fasting",\n  "Explore how hand-fasting survived despite the introduction of Christian marriage rites",\n  "Analyze the significance of hand-fasting during Scotland's Jacobite risings",\n  "Discuss the romanticization of hand-fasting in Scottish literature and art",\n  "Describe the modern resurgence of interest in hand-fasting ceremonies",\n  "Look at how hand-fasting is incorporated into contemporary Scottish weddings",\n  "Examine the cultural exchange between Scottish and Norse cultures regarding hand-fasting",\n  "Investigate the connection between hand-fasting and Scotland's ancient laws",\n  "Discuss the symbolism behind the use of ribbons or cords in hand-fasting rituals",\n  "Describe the role of the 'priest' or 'officiant' in a traditional hand-fasting ceremony",\n  "Explore the regional variations of hand-fasting practices across Scotland",\n  "Analyze the impact of the Reformation on the decline of hand-fasting",\n  "Look at how hand-fasting has been used as a symbol of Scottish national identity",\n  "Discuss the modern feminist perspectives on hand-fasting and women's rights",\n  "Describe the historical significance of hand-fasting in Scotland's royal courts",\n  "Examine the influence of hand-fasting on modern wedding traditions worldwide",\n  "Investigate the connection between hand-fasting and Scotland's ancient festivals",\n  "Analyze the symbolism behind the use of specific dates or seasons for hand-fasting",\n  "Discuss the role of family and community in traditional hand-fasting ceremonies",\n  "Describe the cultural significance of hand-fasting in Scottish Highland culture",\n  "Explore the historical context of hand-fasting during Scotland's clan wars",\n  "Look at how hand-fasting has been used as a symbol of loyalty and commitment",\n  "Examine the modern relevance of hand-fasting in contemporary relationships",\n  "Discuss the connection between hand-fasting and Scotland's ancient mythology",\n  "Investigate the influence of Scottish emigration on the spread of hand-fasting practices worldwide",\n  "Analyze the cultural significance of hand-fasting in Scotland's Lowland culture",\n  "Describe the historical context of hand-fasting during Scotland's Enlightenment period",\n  "Explore the role of hand-fasting in modern Scottish pagan and druidic communities",\n  "Discuss the symbolism behind the use of specific materials or objects in hand-fasting rituals",\n  "Look at how hand-fasting has been used as a symbol of resistance against oppressive regimes"\n]	\N	[\n  "Hand-fasting was originally a pagan Celtic ritual that took place during the spring equinox to ensure fertility and prosperity",\n  "In ancient Scotland, hand-fasting ceremonies were often conducted by druids or other spiritual leaders who would tie the couple's hands together with a cord made from the bark of a sacred tree",\n  "The earliest written records of hand-fasting in Scotland date back to the 13th century, but it is believed to have been practiced for centuries before that",\n  "During the Jacobite era, hand-fasting became a symbol of loyalty and allegiance to the Stuart cause, with many Highland clans using the ritual to seal their commitment to the rebellion",\n  "In some parts of Scotland, hand-fasting was seen as a way to legitimize children born out of wedlock, providing them with inheritance rights and social standing",\n  "The 16th-century Acts of the Parliament of Scotland attempted to regulate hand-fasting practices by requiring couples to obtain a formal marriage license before undergoing the ritual",\n  "Hand-fasting was not just limited to romantic partnerships - it was also used to seal business agreements, alliances between clans, and even friendships",\n  "In Scottish folklore, hand-fasting is often associated with the goddess Brigid, who was revered as a patron of love, fertility, and poetry",\n  "The Victorian era's romanticization of Scottish culture helped to revive interest in hand-fasting, which became a popular motif in literature and art of the time",\n  "Today, hand-fasting is still practiced by some modern pagans and Wiccans as a way to connect with their Celtic heritage and celebrate the cycles of nature"\n]	\N	\N	[\n  "Unraveling the Ancient Celtic Roots of Hand-Fasting",\n  "The Evolution of Hand-Fasting in Scotland's Historical Landscape",\n  "Symbolism and Significance: Unpacking the Cultural Importance of Hand-Fasting",\n  "Hand-Fasting as a Social Contract: Securing Alliances and Marriage Agreements",\n  "A Glimpse into Scotland's Past: Key Events that Shaped Hand-Fasting Traditions",\n  "Mythical Ties: Exploring Hand-Fasting in Scottish Folklore and Mythology",\n  "Notable Scots Who Tied the Knot with Hand-Fasting Ceremonies",\n  "Revival and Reinterpretation: Modern Takes on Traditional Hand-Fasting Practices"\n]	["Unraveling the Ancient Celtic Roots of Hand-Fasting","The Evolution of Hand-Fasting in Scotland's Historical Landscape","Symbolism and Significance: Unpacking the Cultural Importance of Hand-Fasting","Hand-Fasting as a Social Contract: Securing Alliances and Marriage Agreements","A Glimpse into Scotland's Past: Key Events that Shaped Hand-Fasting Traditions","Notable Scots Who Tied the Knot with Hand-Fasting Ceremonies","Mythical Ties: Exploring Hand-Fasting in Scottish Folklore and Mythology","Revival and Reinterpretation: Modern Takes on Traditional Hand-Fasting Practices"]	\N	\N	\N	\N	\N	\N	\N	\N	\N	\N	\N	\N	\N	\N	\N	\N	\N	\N	\N	\N	\N	\N
3	7	\N	\N	\N	\N	\N	\N	\N	\N	\N	\N	\N	\N	\N	\N	\N	\N	\N	\N	\N	\N	\N	\N	\N	\N	\N	\N	\N	\N	\N	\N	\N
4	8	\N	\N	\N	\N	\N	\N	\N	\N	\N	\N	\N	\N	\N	\N	\N	\N	\N	\N	\N	\N	\N	\N	\N	\N	\N	\N	\N	\N	\N	\N	\N
5	9	\N	\N	\N	\N	\N	\N	\N	\N	\N	\N	\N	\N	\N	\N	\N	\N	\N	\N	\N	\N	\N	\N	\N	\N	\N	\N	\N	\N	\N	\N	\N
6	11	\N	\N	\N	\N	\N	\N	\N	\N	\N	\N	\N	\N	\N	\N	\N	\N	\N	\N	\N	\N	\N	\N	\N	\N	\N	\N	\N	\N	\N	\N	\N
7	12	\N	\N	\N	\N	\N	\N	\N	\N	\N	\N	\N	\N	\N	\N	\N	\N	\N	\N	\N	\N	\N	\N	\N	\N	\N	\N	\N	\N	\N	\N	\N
\.


--
-- Data for Name: post_section; Type: TABLE DATA; Schema: public; Owner: nickfiddes
--

COPY public.post_section (id, post_id, section_order, section_heading, ideas_to_include, facts_to_include, first_draft, uk_british, highlighting, image_concepts, image_prompts, generation, optimization, watermarking, image_meta_descriptions, image_captions, image_prompt_example_id, generated_image_url, image_generation_metadata, image_id) FROM stdin;
\.


--
-- Data for Name: post_substage_action; Type: TABLE DATA; Schema: public; Owner: nickfiddes
--

COPY public.post_substage_action (id, post_id, substage, action_id, button_label, button_order) FROM stdin;
1	9	idea	3	Action	0
\.


--
-- Data for Name: post_tags; Type: TABLE DATA; Schema: public; Owner: nickfiddes
--

COPY public.post_tags (post_id, tag_id) FROM stdin;
\.


--
-- Data for Name: post_workflow_stage; Type: TABLE DATA; Schema: public; Owner: nickfiddes
--

COPY public.post_workflow_stage (id, post_id, stage_id, started_at, completed_at, status) FROM stdin;
\.


--
-- Data for Name: post_workflow_sub_stage; Type: TABLE DATA; Schema: public; Owner: nickfiddes
--

COPY public.post_workflow_sub_stage (id, post_workflow_stage_id, sub_stage_id, content, status, started_at, completed_at, notes) FROM stdin;
\.


--
-- Data for Name: substage_action_default; Type: TABLE DATA; Schema: public; Owner: nickfiddes
--

COPY public.substage_action_default (id, substage, action_id) FROM stdin;
\.


--
-- Data for Name: tag; Type: TABLE DATA; Schema: public; Owner: nickfiddes
--

COPY public.tag (id, name, slug, description) FROM stdin;
\.


--
-- Data for Name: user; Type: TABLE DATA; Schema: public; Owner: nickfiddes
--

COPY public."user" (id, username, email, password_hash, is_active, created_at, updated_at) FROM stdin;
\.


--
-- Data for Name: workflow; Type: TABLE DATA; Schema: public; Owner: nickfiddes
--

COPY public.workflow (id, post_id, stage_id, status, created, updated) FROM stdin;
\.


--
-- Data for Name: workflow_field_mapping; Type: TABLE DATA; Schema: public; Owner: postgres
--

COPY public.workflow_field_mapping (id, field_name, stage_id, substage_id, order_index) FROM stdin;
1	Basic Idea	10	1	1
2	Provisional Title	10	1	2
3	Idea Scope	10	1	3
4	Topics To Cover	10	2	1
5	Interesting Facts	10	2	2
7	Section Planning	10	3	1
8	Section Headings	10	3	2
9	Section Order	10	3	3
10	Main Title	11	4	1
11	Subtitle	11	4	2
12	Intro Blurb	11	4	3
13	Conclusion	11	4	4
14	Basic Metadata	11	5	1
15	Tags	11	5	2
16	Categories	11	5	3
17	Image Captions	11	6	1
19	Self Review	8	7	1
20	Peer Review	8	7	2
21	Final Check	8	7	3
22	Scheduling	8	8	1
23	Deployment	8	8	2
24	Verification	8	8	3
25	Feedback Collection	8	9	1
26	Content Updates	8	9	2
27	Version Control	8	9	3
28	Platform Selection	8	9	4
29	Content Adaptation	8	9	5
30	Distribution	8	9	6
31	Engagement Tracking	8	9	7
18	Seo Optimization	8	7	4
6	Tartans Products	8	7	8
\.


--
-- Data for Name: workflow_stage_entity; Type: TABLE DATA; Schema: public; Owner: nickfiddes
--

COPY public.workflow_stage_entity (id, name, description, stage_order) FROM stdin;
8	publishing	Publishing	8
10	planning	Planning phase	1
11	authoring	Authoring phase	2
\.


--
-- Data for Name: workflow_sub_stage_entity; Type: TABLE DATA; Schema: public; Owner: nickfiddes
--

COPY public.workflow_sub_stage_entity (id, stage_id, name, description, sub_stage_order) FROM stdin;
1	10	idea	Initial concept	1
2	10	research	Research and fact-finding	2
3	10	structure	Outline and structure	3
4	11	content	Content authoring	1
5	11	meta_info	Metadata and SEO	2
6	11	images	Image creation	3
7	8	preflight	Pre-publication checks	1
8	8	launch	Publishing	2
9	8	syndication	Syndication and distribution	3
\.


--
-- Name: category_id_seq; Type: SEQUENCE SET; Schema: public; Owner: nickfiddes
--

SELECT pg_catalog.setval('public.category_id_seq', 1, true);


--
-- Name: image_format_id_seq; Type: SEQUENCE SET; Schema: public; Owner: nickfiddes
--

SELECT pg_catalog.setval('public.image_format_id_seq', 1, true);


--
-- Name: image_id_seq; Type: SEQUENCE SET; Schema: public; Owner: nickfiddes
--

SELECT pg_catalog.setval('public.image_id_seq', 161, true);


--
-- Name: image_prompt_example_id_seq; Type: SEQUENCE SET; Schema: public; Owner: nickfiddes
--

SELECT pg_catalog.setval('public.image_prompt_example_id_seq', 1, true);


--
-- Name: image_setting_id_seq; Type: SEQUENCE SET; Schema: public; Owner: nickfiddes
--

SELECT pg_catalog.setval('public.image_setting_id_seq', 1, true);


--
-- Name: image_style_id_seq; Type: SEQUENCE SET; Schema: public; Owner: nickfiddes
--

SELECT pg_catalog.setval('public.image_style_id_seq', 1, true);


--
-- Name: llm_action_history_id_seq; Type: SEQUENCE SET; Schema: public; Owner: nickfiddes
--

SELECT pg_catalog.setval('public.llm_action_history_id_seq', 1, true);


--
-- Name: llm_action_id_seq; Type: SEQUENCE SET; Schema: public; Owner: nickfiddes
--

SELECT pg_catalog.setval('public.llm_action_id_seq', 4, true);


--
-- Name: llm_interaction_id_seq; Type: SEQUENCE SET; Schema: public; Owner: nickfiddes
--

SELECT pg_catalog.setval('public.llm_interaction_id_seq', 1, true);


--
-- Name: llm_model_id_seq; Type: SEQUENCE SET; Schema: public; Owner: nickfiddes
--

SELECT pg_catalog.setval('public.llm_model_id_seq', 23, true);


--
-- Name: llm_prompt_id_seq; Type: SEQUENCE SET; Schema: public; Owner: nickfiddes
--

SELECT pg_catalog.setval('public.llm_prompt_id_seq', 24, true);


--
-- Name: llm_prompt_part_id_seq; Type: SEQUENCE SET; Schema: public; Owner: nickfiddes
--

SELECT pg_catalog.setval('public.llm_prompt_part_id_seq', 25, true);


--
-- Name: llm_provider_id_seq; Type: SEQUENCE SET; Schema: public; Owner: nickfiddes
--

SELECT pg_catalog.setval('public.llm_provider_id_seq', 4, true);


--
-- Name: post_development_id_seq; Type: SEQUENCE SET; Schema: public; Owner: nickfiddes
--

SELECT pg_catalog.setval('public.post_development_id_seq', 7, true);


--
-- Name: post_id_seq; Type: SEQUENCE SET; Schema: public; Owner: nickfiddes
--

SELECT pg_catalog.setval('public.post_id_seq', 14, true);


--
-- Name: post_section_id_seq; Type: SEQUENCE SET; Schema: public; Owner: nickfiddes
--

SELECT pg_catalog.setval('public.post_section_id_seq', 1, true);


--
-- Name: post_substage_action_id_seq; Type: SEQUENCE SET; Schema: public; Owner: nickfiddes
--

SELECT pg_catalog.setval('public.post_substage_action_id_seq', 2, true);


--
-- Name: post_workflow_stage_id_seq; Type: SEQUENCE SET; Schema: public; Owner: nickfiddes
--

SELECT pg_catalog.setval('public.post_workflow_stage_id_seq', 1, true);


--
-- Name: post_workflow_sub_stage_id_seq; Type: SEQUENCE SET; Schema: public; Owner: nickfiddes
--

SELECT pg_catalog.setval('public.post_workflow_sub_stage_id_seq', 1, true);


--
-- Name: substage_action_default_id_seq; Type: SEQUENCE SET; Schema: public; Owner: nickfiddes
--

SELECT pg_catalog.setval('public.substage_action_default_id_seq', 1, true);


--
-- Name: tag_id_seq; Type: SEQUENCE SET; Schema: public; Owner: nickfiddes
--

SELECT pg_catalog.setval('public.tag_id_seq', 1, true);


--
-- Name: user_id_seq; Type: SEQUENCE SET; Schema: public; Owner: nickfiddes
--

SELECT pg_catalog.setval('public.user_id_seq', 1, true);


--
-- Name: workflow_field_mapping_id_seq; Type: SEQUENCE SET; Schema: public; Owner: postgres
--

SELECT pg_catalog.setval('public.workflow_field_mapping_id_seq', 32, true);


--
-- Name: workflow_id_seq; Type: SEQUENCE SET; Schema: public; Owner: nickfiddes
--

SELECT pg_catalog.setval('public.workflow_id_seq', 1, true);


--
-- Name: workflow_stage_entity_id_seq; Type: SEQUENCE SET; Schema: public; Owner: nickfiddes
--

SELECT pg_catalog.setval('public.workflow_stage_entity_id_seq', 14, true);


--
-- Name: workflow_sub_stage_entity_id_seq; Type: SEQUENCE SET; Schema: public; Owner: nickfiddes
--

SELECT pg_catalog.setval('public.workflow_sub_stage_entity_id_seq', 9, true);


--
-- Name: category category_name_key; Type: CONSTRAINT; Schema: public; Owner: nickfiddes
--

ALTER TABLE ONLY public.category
    ADD CONSTRAINT category_name_key UNIQUE (name);


--
-- Name: category category_pkey; Type: CONSTRAINT; Schema: public; Owner: nickfiddes
--

ALTER TABLE ONLY public.category
    ADD CONSTRAINT category_pkey PRIMARY KEY (id);


--
-- Name: category category_slug_key; Type: CONSTRAINT; Schema: public; Owner: nickfiddes
--

ALTER TABLE ONLY public.category
    ADD CONSTRAINT category_slug_key UNIQUE (slug);


--
-- Name: image_format image_format_pkey; Type: CONSTRAINT; Schema: public; Owner: nickfiddes
--

ALTER TABLE ONLY public.image_format
    ADD CONSTRAINT image_format_pkey PRIMARY KEY (id);


--
-- Name: image_format image_format_title_key; Type: CONSTRAINT; Schema: public; Owner: nickfiddes
--

ALTER TABLE ONLY public.image_format
    ADD CONSTRAINT image_format_title_key UNIQUE (title);


--
-- Name: image image_path_key; Type: CONSTRAINT; Schema: public; Owner: nickfiddes
--

ALTER TABLE ONLY public.image
    ADD CONSTRAINT image_path_key UNIQUE (path);


--
-- Name: image image_pkey; Type: CONSTRAINT; Schema: public; Owner: nickfiddes
--

ALTER TABLE ONLY public.image
    ADD CONSTRAINT image_pkey PRIMARY KEY (id);


--
-- Name: image_prompt_example image_prompt_example_pkey; Type: CONSTRAINT; Schema: public; Owner: nickfiddes
--

ALTER TABLE ONLY public.image_prompt_example
    ADD CONSTRAINT image_prompt_example_pkey PRIMARY KEY (id);


--
-- Name: image_setting image_setting_name_key; Type: CONSTRAINT; Schema: public; Owner: nickfiddes
--

ALTER TABLE ONLY public.image_setting
    ADD CONSTRAINT image_setting_name_key UNIQUE (name);


--
-- Name: image_setting image_setting_pkey; Type: CONSTRAINT; Schema: public; Owner: nickfiddes
--

ALTER TABLE ONLY public.image_setting
    ADD CONSTRAINT image_setting_pkey PRIMARY KEY (id);


--
-- Name: image_style image_style_pkey; Type: CONSTRAINT; Schema: public; Owner: nickfiddes
--

ALTER TABLE ONLY public.image_style
    ADD CONSTRAINT image_style_pkey PRIMARY KEY (id);


--
-- Name: image_style image_style_title_key; Type: CONSTRAINT; Schema: public; Owner: nickfiddes
--

ALTER TABLE ONLY public.image_style
    ADD CONSTRAINT image_style_title_key UNIQUE (title);


--
-- Name: llm_action_history llm_action_history_pkey; Type: CONSTRAINT; Schema: public; Owner: nickfiddes
--

ALTER TABLE ONLY public.llm_action_history
    ADD CONSTRAINT llm_action_history_pkey PRIMARY KEY (id);


--
-- Name: llm_action llm_action_pkey; Type: CONSTRAINT; Schema: public; Owner: nickfiddes
--

ALTER TABLE ONLY public.llm_action
    ADD CONSTRAINT llm_action_pkey PRIMARY KEY (id);


--
-- Name: llm_interaction llm_interaction_pkey; Type: CONSTRAINT; Schema: public; Owner: nickfiddes
--

ALTER TABLE ONLY public.llm_interaction
    ADD CONSTRAINT llm_interaction_pkey PRIMARY KEY (id);


--
-- Name: llm_model llm_model_pkey; Type: CONSTRAINT; Schema: public; Owner: nickfiddes
--

ALTER TABLE ONLY public.llm_model
    ADD CONSTRAINT llm_model_pkey PRIMARY KEY (id);


--
-- Name: llm_prompt_part llm_prompt_part_pkey; Type: CONSTRAINT; Schema: public; Owner: nickfiddes
--

ALTER TABLE ONLY public.llm_prompt_part
    ADD CONSTRAINT llm_prompt_part_pkey PRIMARY KEY (id);


--
-- Name: llm_prompt llm_prompt_pkey; Type: CONSTRAINT; Schema: public; Owner: nickfiddes
--

ALTER TABLE ONLY public.llm_prompt
    ADD CONSTRAINT llm_prompt_pkey PRIMARY KEY (id);


--
-- Name: llm_provider llm_provider_pkey; Type: CONSTRAINT; Schema: public; Owner: nickfiddes
--

ALTER TABLE ONLY public.llm_provider
    ADD CONSTRAINT llm_provider_pkey PRIMARY KEY (id);


--
-- Name: post_categories post_categories_pkey; Type: CONSTRAINT; Schema: public; Owner: nickfiddes
--

ALTER TABLE ONLY public.post_categories
    ADD CONSTRAINT post_categories_pkey PRIMARY KEY (post_id, category_id);


--
-- Name: post_development post_development_pkey; Type: CONSTRAINT; Schema: public; Owner: nickfiddes
--

ALTER TABLE ONLY public.post_development
    ADD CONSTRAINT post_development_pkey PRIMARY KEY (id);


--
-- Name: post_development post_development_post_id_key; Type: CONSTRAINT; Schema: public; Owner: nickfiddes
--

ALTER TABLE ONLY public.post_development
    ADD CONSTRAINT post_development_post_id_key UNIQUE (post_id);


--
-- Name: post post_pkey; Type: CONSTRAINT; Schema: public; Owner: nickfiddes
--

ALTER TABLE ONLY public.post
    ADD CONSTRAINT post_pkey PRIMARY KEY (id);


--
-- Name: post_section post_section_pkey; Type: CONSTRAINT; Schema: public; Owner: nickfiddes
--

ALTER TABLE ONLY public.post_section
    ADD CONSTRAINT post_section_pkey PRIMARY KEY (id);


--
-- Name: post post_slug_key; Type: CONSTRAINT; Schema: public; Owner: nickfiddes
--

ALTER TABLE ONLY public.post
    ADD CONSTRAINT post_slug_key UNIQUE (slug);


--
-- Name: post_substage_action post_substage_action_pkey; Type: CONSTRAINT; Schema: public; Owner: nickfiddes
--

ALTER TABLE ONLY public.post_substage_action
    ADD CONSTRAINT post_substage_action_pkey PRIMARY KEY (id);


--
-- Name: post_tags post_tags_pkey; Type: CONSTRAINT; Schema: public; Owner: nickfiddes
--

ALTER TABLE ONLY public.post_tags
    ADD CONSTRAINT post_tags_pkey PRIMARY KEY (post_id, tag_id);


--
-- Name: post_workflow_stage post_workflow_stage_pkey; Type: CONSTRAINT; Schema: public; Owner: nickfiddes
--

ALTER TABLE ONLY public.post_workflow_stage
    ADD CONSTRAINT post_workflow_stage_pkey PRIMARY KEY (id);


--
-- Name: post_workflow_stage post_workflow_stage_post_id_stage_id_key; Type: CONSTRAINT; Schema: public; Owner: nickfiddes
--

ALTER TABLE ONLY public.post_workflow_stage
    ADD CONSTRAINT post_workflow_stage_post_id_stage_id_key UNIQUE (post_id, stage_id);


--
-- Name: post_workflow_sub_stage post_workflow_sub_stage_pkey; Type: CONSTRAINT; Schema: public; Owner: nickfiddes
--

ALTER TABLE ONLY public.post_workflow_sub_stage
    ADD CONSTRAINT post_workflow_sub_stage_pkey PRIMARY KEY (id);


--
-- Name: post_workflow_sub_stage post_workflow_sub_stage_post_workflow_stage_id_sub_stage_id_key; Type: CONSTRAINT; Schema: public; Owner: nickfiddes
--

ALTER TABLE ONLY public.post_workflow_sub_stage
    ADD CONSTRAINT post_workflow_sub_stage_post_workflow_stage_id_sub_stage_id_key UNIQUE (post_workflow_stage_id, sub_stage_id);


--
-- Name: substage_action_default substage_action_default_pkey; Type: CONSTRAINT; Schema: public; Owner: nickfiddes
--

ALTER TABLE ONLY public.substage_action_default
    ADD CONSTRAINT substage_action_default_pkey PRIMARY KEY (id);


--
-- Name: substage_action_default substage_action_default_substage_key; Type: CONSTRAINT; Schema: public; Owner: nickfiddes
--

ALTER TABLE ONLY public.substage_action_default
    ADD CONSTRAINT substage_action_default_substage_key UNIQUE (substage);


--
-- Name: tag tag_name_key; Type: CONSTRAINT; Schema: public; Owner: nickfiddes
--

ALTER TABLE ONLY public.tag
    ADD CONSTRAINT tag_name_key UNIQUE (name);


--
-- Name: tag tag_pkey; Type: CONSTRAINT; Schema: public; Owner: nickfiddes
--

ALTER TABLE ONLY public.tag
    ADD CONSTRAINT tag_pkey PRIMARY KEY (id);


--
-- Name: tag tag_slug_key; Type: CONSTRAINT; Schema: public; Owner: nickfiddes
--

ALTER TABLE ONLY public.tag
    ADD CONSTRAINT tag_slug_key UNIQUE (slug);


--
-- Name: user user_email_key; Type: CONSTRAINT; Schema: public; Owner: nickfiddes
--

ALTER TABLE ONLY public."user"
    ADD CONSTRAINT user_email_key UNIQUE (email);


--
-- Name: user user_pkey; Type: CONSTRAINT; Schema: public; Owner: nickfiddes
--

ALTER TABLE ONLY public."user"
    ADD CONSTRAINT user_pkey PRIMARY KEY (id);


--
-- Name: user user_username_key; Type: CONSTRAINT; Schema: public; Owner: nickfiddes
--

ALTER TABLE ONLY public."user"
    ADD CONSTRAINT user_username_key UNIQUE (username);


--
-- Name: workflow_field_mapping workflow_field_mapping_pkey; Type: CONSTRAINT; Schema: public; Owner: postgres
--

ALTER TABLE ONLY public.workflow_field_mapping
    ADD CONSTRAINT workflow_field_mapping_pkey PRIMARY KEY (id);


--
-- Name: workflow workflow_pkey; Type: CONSTRAINT; Schema: public; Owner: nickfiddes
--

ALTER TABLE ONLY public.workflow
    ADD CONSTRAINT workflow_pkey PRIMARY KEY (id);


--
-- Name: workflow workflow_post_id_key; Type: CONSTRAINT; Schema: public; Owner: nickfiddes
--

ALTER TABLE ONLY public.workflow
    ADD CONSTRAINT workflow_post_id_key UNIQUE (post_id);


--
-- Name: workflow_stage_entity workflow_stage_entity_name_key; Type: CONSTRAINT; Schema: public; Owner: nickfiddes
--

ALTER TABLE ONLY public.workflow_stage_entity
    ADD CONSTRAINT workflow_stage_entity_name_key UNIQUE (name);


--
-- Name: workflow_stage_entity workflow_stage_entity_pkey; Type: CONSTRAINT; Schema: public; Owner: nickfiddes
--

ALTER TABLE ONLY public.workflow_stage_entity
    ADD CONSTRAINT workflow_stage_entity_pkey PRIMARY KEY (id);


--
-- Name: workflow_sub_stage_entity workflow_sub_stage_entity_pkey; Type: CONSTRAINT; Schema: public; Owner: nickfiddes
--

ALTER TABLE ONLY public.workflow_sub_stage_entity
    ADD CONSTRAINT workflow_sub_stage_entity_pkey PRIMARY KEY (id);


--
-- Name: idx_image_path; Type: INDEX; Schema: public; Owner: nickfiddes
--

CREATE INDEX idx_image_path ON public.image USING btree (path);


--
-- Name: idx_llm_action_field; Type: INDEX; Schema: public; Owner: nickfiddes
--

CREATE INDEX idx_llm_action_field ON public.llm_action USING btree (field_name);


--
-- Name: idx_llm_action_history_status; Type: INDEX; Schema: public; Owner: nickfiddes
--

CREATE INDEX idx_llm_action_history_status ON public.llm_action_history USING btree (status);


--
-- Name: idx_post_created; Type: INDEX; Schema: public; Owner: nickfiddes
--

CREATE INDEX idx_post_created ON public.post USING btree (created_at);


--
-- Name: idx_post_slug; Type: INDEX; Schema: public; Owner: nickfiddes
--

CREATE INDEX idx_post_slug ON public.post USING btree (slug);


--
-- Name: idx_post_status; Type: INDEX; Schema: public; Owner: nickfiddes
--

CREATE INDEX idx_post_status ON public.post USING btree (status);


--
-- Name: idx_workflow_post; Type: INDEX; Schema: public; Owner: nickfiddes
--

CREATE INDEX idx_workflow_post ON public.workflow USING btree (post_id);


--
-- Name: idx_workflow_stage_id; Type: INDEX; Schema: public; Owner: nickfiddes
--

CREATE INDEX idx_workflow_stage_id ON public.workflow USING btree (stage_id);


--
-- Name: unique_provider_model; Type: INDEX; Schema: public; Owner: nickfiddes
--

CREATE UNIQUE INDEX unique_provider_model ON public.llm_model USING btree (provider_id, name);


--
-- Name: image_format update_image_format_updated_at; Type: TRIGGER; Schema: public; Owner: nickfiddes
--

CREATE TRIGGER update_image_format_updated_at BEFORE UPDATE ON public.image_format FOR EACH ROW EXECUTE FUNCTION public.update_updated_at_column();


--
-- Name: image_prompt_example update_image_prompt_example_updated_at; Type: TRIGGER; Schema: public; Owner: nickfiddes
--

CREATE TRIGGER update_image_prompt_example_updated_at BEFORE UPDATE ON public.image_prompt_example FOR EACH ROW EXECUTE FUNCTION public.update_updated_at_column();


--
-- Name: image_setting update_image_setting_updated_at; Type: TRIGGER; Schema: public; Owner: nickfiddes
--

CREATE TRIGGER update_image_setting_updated_at BEFORE UPDATE ON public.image_setting FOR EACH ROW EXECUTE FUNCTION public.update_updated_at_column();


--
-- Name: image_style update_image_style_updated_at; Type: TRIGGER; Schema: public; Owner: nickfiddes
--

CREATE TRIGGER update_image_style_updated_at BEFORE UPDATE ON public.image_style FOR EACH ROW EXECUTE FUNCTION public.update_updated_at_column();


--
-- Name: image update_image_updated_at; Type: TRIGGER; Schema: public; Owner: nickfiddes
--

CREATE TRIGGER update_image_updated_at BEFORE UPDATE ON public.image FOR EACH ROW EXECUTE FUNCTION public.update_updated_at_column();


--
-- Name: llm_action update_llm_action_updated_at; Type: TRIGGER; Schema: public; Owner: nickfiddes
--

CREATE TRIGGER update_llm_action_updated_at BEFORE UPDATE ON public.llm_action FOR EACH ROW EXECUTE FUNCTION public.update_updated_at_column();


--
-- Name: post update_post_updated_at; Type: TRIGGER; Schema: public; Owner: nickfiddes
--

CREATE TRIGGER update_post_updated_at BEFORE UPDATE ON public.post FOR EACH ROW EXECUTE FUNCTION public.update_updated_at_column();


--
-- Name: user update_user_updated_at; Type: TRIGGER; Schema: public; Owner: nickfiddes
--

CREATE TRIGGER update_user_updated_at BEFORE UPDATE ON public."user" FOR EACH ROW EXECUTE FUNCTION public.update_updated_at_column();


--
-- Name: workflow update_workflow_updated_at; Type: TRIGGER; Schema: public; Owner: nickfiddes
--

CREATE TRIGGER update_workflow_updated_at BEFORE UPDATE ON public.workflow FOR EACH ROW EXECUTE FUNCTION public.update_workflow_updated_at_column();


--
-- Name: image_prompt_example image_prompt_example_format_id_fkey; Type: FK CONSTRAINT; Schema: public; Owner: nickfiddes
--

ALTER TABLE ONLY public.image_prompt_example
    ADD CONSTRAINT image_prompt_example_format_id_fkey FOREIGN KEY (format_id) REFERENCES public.image_format(id);


--
-- Name: image_prompt_example image_prompt_example_image_setting_id_fkey; Type: FK CONSTRAINT; Schema: public; Owner: nickfiddes
--

ALTER TABLE ONLY public.image_prompt_example
    ADD CONSTRAINT image_prompt_example_image_setting_id_fkey FOREIGN KEY (image_setting_id) REFERENCES public.image_setting(id);


--
-- Name: image_prompt_example image_prompt_example_style_id_fkey; Type: FK CONSTRAINT; Schema: public; Owner: nickfiddes
--

ALTER TABLE ONLY public.image_prompt_example
    ADD CONSTRAINT image_prompt_example_style_id_fkey FOREIGN KEY (style_id) REFERENCES public.image_style(id);


--
-- Name: image_setting image_setting_format_id_fkey; Type: FK CONSTRAINT; Schema: public; Owner: nickfiddes
--

ALTER TABLE ONLY public.image_setting
    ADD CONSTRAINT image_setting_format_id_fkey FOREIGN KEY (format_id) REFERENCES public.image_format(id);


--
-- Name: image_setting image_setting_style_id_fkey; Type: FK CONSTRAINT; Schema: public; Owner: nickfiddes
--

ALTER TABLE ONLY public.image_setting
    ADD CONSTRAINT image_setting_style_id_fkey FOREIGN KEY (style_id) REFERENCES public.image_style(id);


--
-- Name: llm_action_history llm_action_history_action_id_fkey; Type: FK CONSTRAINT; Schema: public; Owner: nickfiddes
--

ALTER TABLE ONLY public.llm_action_history
    ADD CONSTRAINT llm_action_history_action_id_fkey FOREIGN KEY (action_id) REFERENCES public.llm_action(id);


--
-- Name: llm_action_history llm_action_history_post_id_fkey; Type: FK CONSTRAINT; Schema: public; Owner: nickfiddes
--

ALTER TABLE ONLY public.llm_action_history
    ADD CONSTRAINT llm_action_history_post_id_fkey FOREIGN KEY (post_id) REFERENCES public.post(id);


--
-- Name: llm_action llm_action_prompt_template_id_fkey; Type: FK CONSTRAINT; Schema: public; Owner: nickfiddes
--

ALTER TABLE ONLY public.llm_action
    ADD CONSTRAINT llm_action_prompt_template_id_fkey FOREIGN KEY (prompt_template_id) REFERENCES public.llm_prompt(id);


--
-- Name: llm_interaction llm_interaction_prompt_id_fkey; Type: FK CONSTRAINT; Schema: public; Owner: nickfiddes
--

ALTER TABLE ONLY public.llm_interaction
    ADD CONSTRAINT llm_interaction_prompt_id_fkey FOREIGN KEY (prompt_id) REFERENCES public.llm_prompt(id);


--
-- Name: llm_model llm_model_provider_id_fkey; Type: FK CONSTRAINT; Schema: public; Owner: nickfiddes
--

ALTER TABLE ONLY public.llm_model
    ADD CONSTRAINT llm_model_provider_id_fkey FOREIGN KEY (provider_id) REFERENCES public.llm_provider(id) ON DELETE CASCADE;


--
-- Name: llm_prompt_part llm_prompt_part_action_id_fkey; Type: FK CONSTRAINT; Schema: public; Owner: nickfiddes
--

ALTER TABLE ONLY public.llm_prompt_part
    ADD CONSTRAINT llm_prompt_part_action_id_fkey FOREIGN KEY (action_id) REFERENCES public.llm_action(id) ON DELETE CASCADE;


--
-- Name: post_categories post_categories_category_id_fkey; Type: FK CONSTRAINT; Schema: public; Owner: nickfiddes
--

ALTER TABLE ONLY public.post_categories
    ADD CONSTRAINT post_categories_category_id_fkey FOREIGN KEY (category_id) REFERENCES public.category(id) ON DELETE CASCADE;


--
-- Name: post_categories post_categories_post_id_fkey; Type: FK CONSTRAINT; Schema: public; Owner: nickfiddes
--

ALTER TABLE ONLY public.post_categories
    ADD CONSTRAINT post_categories_post_id_fkey FOREIGN KEY (post_id) REFERENCES public.post(id) ON DELETE CASCADE;


--
-- Name: post_development post_development_post_id_fkey; Type: FK CONSTRAINT; Schema: public; Owner: nickfiddes
--

ALTER TABLE ONLY public.post_development
    ADD CONSTRAINT post_development_post_id_fkey FOREIGN KEY (post_id) REFERENCES public.post(id);


--
-- Name: post post_header_image_id_fkey; Type: FK CONSTRAINT; Schema: public; Owner: nickfiddes
--

ALTER TABLE ONLY public.post
    ADD CONSTRAINT post_header_image_id_fkey FOREIGN KEY (header_image_id) REFERENCES public.image(id);


--
-- Name: post_section post_section_image_id_fkey; Type: FK CONSTRAINT; Schema: public; Owner: nickfiddes
--

ALTER TABLE ONLY public.post_section
    ADD CONSTRAINT post_section_image_id_fkey FOREIGN KEY (image_id) REFERENCES public.image(id);


--
-- Name: post_section post_section_post_id_fkey; Type: FK CONSTRAINT; Schema: public; Owner: nickfiddes
--

ALTER TABLE ONLY public.post_section
    ADD CONSTRAINT post_section_post_id_fkey FOREIGN KEY (post_id) REFERENCES public.post(id);


--
-- Name: post_tags post_tags_post_id_fkey; Type: FK CONSTRAINT; Schema: public; Owner: nickfiddes
--

ALTER TABLE ONLY public.post_tags
    ADD CONSTRAINT post_tags_post_id_fkey FOREIGN KEY (post_id) REFERENCES public.post(id) ON DELETE CASCADE;


--
-- Name: post_tags post_tags_tag_id_fkey; Type: FK CONSTRAINT; Schema: public; Owner: nickfiddes
--

ALTER TABLE ONLY public.post_tags
    ADD CONSTRAINT post_tags_tag_id_fkey FOREIGN KEY (tag_id) REFERENCES public.tag(id) ON DELETE CASCADE;


--
-- Name: post_workflow_stage post_workflow_stage_stage_id_fkey; Type: FK CONSTRAINT; Schema: public; Owner: nickfiddes
--

ALTER TABLE ONLY public.post_workflow_stage
    ADD CONSTRAINT post_workflow_stage_stage_id_fkey FOREIGN KEY (stage_id) REFERENCES public.workflow_stage_entity(id) ON DELETE CASCADE;


--
-- Name: post_workflow_sub_stage post_workflow_sub_stage_post_workflow_stage_id_fkey; Type: FK CONSTRAINT; Schema: public; Owner: nickfiddes
--

ALTER TABLE ONLY public.post_workflow_sub_stage
    ADD CONSTRAINT post_workflow_sub_stage_post_workflow_stage_id_fkey FOREIGN KEY (post_workflow_stage_id) REFERENCES public.post_workflow_stage(id) ON DELETE CASCADE;


--
-- Name: post_workflow_sub_stage post_workflow_sub_stage_sub_stage_id_fkey; Type: FK CONSTRAINT; Schema: public; Owner: nickfiddes
--

ALTER TABLE ONLY public.post_workflow_sub_stage
    ADD CONSTRAINT post_workflow_sub_stage_sub_stage_id_fkey FOREIGN KEY (sub_stage_id) REFERENCES public.workflow_sub_stage_entity(id) ON DELETE CASCADE;


--
-- Name: substage_action_default substage_action_default_action_id_fkey; Type: FK CONSTRAINT; Schema: public; Owner: nickfiddes
--

ALTER TABLE ONLY public.substage_action_default
    ADD CONSTRAINT substage_action_default_action_id_fkey FOREIGN KEY (action_id) REFERENCES public.llm_action(id);


--
-- Name: workflow_field_mapping workflow_field_mapping_stage_id_fkey; Type: FK CONSTRAINT; Schema: public; Owner: postgres
--

ALTER TABLE ONLY public.workflow_field_mapping
    ADD CONSTRAINT workflow_field_mapping_stage_id_fkey FOREIGN KEY (stage_id) REFERENCES public.workflow_stage_entity(id) ON DELETE CASCADE;


--
-- Name: workflow_field_mapping workflow_field_mapping_substage_id_fkey; Type: FK CONSTRAINT; Schema: public; Owner: postgres
--

ALTER TABLE ONLY public.workflow_field_mapping
    ADD CONSTRAINT workflow_field_mapping_substage_id_fkey FOREIGN KEY (substage_id) REFERENCES public.workflow_sub_stage_entity(id) ON DELETE CASCADE;


--
-- Name: workflow workflow_post_id_fkey; Type: FK CONSTRAINT; Schema: public; Owner: nickfiddes
--

ALTER TABLE ONLY public.workflow
    ADD CONSTRAINT workflow_post_id_fkey FOREIGN KEY (post_id) REFERENCES public.post(id);


--
-- Name: workflow workflow_stage_id_fkey; Type: FK CONSTRAINT; Schema: public; Owner: nickfiddes
--

ALTER TABLE ONLY public.workflow
    ADD CONSTRAINT workflow_stage_id_fkey FOREIGN KEY (stage_id) REFERENCES public.workflow_stage_entity(id);


--
-- Name: workflow_sub_stage_entity workflow_sub_stage_entity_stage_id_fkey; Type: FK CONSTRAINT; Schema: public; Owner: nickfiddes
--

ALTER TABLE ONLY public.workflow_sub_stage_entity
    ADD CONSTRAINT workflow_sub_stage_entity_stage_id_fkey FOREIGN KEY (stage_id) REFERENCES public.workflow_stage_entity(id) ON DELETE CASCADE;


--
-- Name: TABLE category; Type: ACL; Schema: public; Owner: nickfiddes
--

GRANT ALL ON TABLE public.category TO postgres;


--
-- Name: SEQUENCE category_id_seq; Type: ACL; Schema: public; Owner: nickfiddes
--

GRANT ALL ON SEQUENCE public.category_id_seq TO postgres;


--
-- Name: TABLE image; Type: ACL; Schema: public; Owner: nickfiddes
--

GRANT ALL ON TABLE public.image TO postgres;


--
-- Name: TABLE image_format; Type: ACL; Schema: public; Owner: nickfiddes
--

GRANT ALL ON TABLE public.image_format TO postgres;


--
-- Name: SEQUENCE image_format_id_seq; Type: ACL; Schema: public; Owner: nickfiddes
--

GRANT ALL ON SEQUENCE public.image_format_id_seq TO postgres;


--
-- Name: SEQUENCE image_id_seq; Type: ACL; Schema: public; Owner: nickfiddes
--

GRANT ALL ON SEQUENCE public.image_id_seq TO postgres;


--
-- Name: TABLE image_prompt_example; Type: ACL; Schema: public; Owner: nickfiddes
--

GRANT ALL ON TABLE public.image_prompt_example TO postgres;


--
-- Name: SEQUENCE image_prompt_example_id_seq; Type: ACL; Schema: public; Owner: nickfiddes
--

GRANT ALL ON SEQUENCE public.image_prompt_example_id_seq TO postgres;


--
-- Name: TABLE image_setting; Type: ACL; Schema: public; Owner: nickfiddes
--

GRANT ALL ON TABLE public.image_setting TO postgres;


--
-- Name: SEQUENCE image_setting_id_seq; Type: ACL; Schema: public; Owner: nickfiddes
--

GRANT ALL ON SEQUENCE public.image_setting_id_seq TO postgres;


--
-- Name: TABLE image_style; Type: ACL; Schema: public; Owner: nickfiddes
--

GRANT ALL ON TABLE public.image_style TO postgres;


--
-- Name: SEQUENCE image_style_id_seq; Type: ACL; Schema: public; Owner: nickfiddes
--

GRANT ALL ON SEQUENCE public.image_style_id_seq TO postgres;


--
-- Name: TABLE llm_action; Type: ACL; Schema: public; Owner: nickfiddes
--

GRANT ALL ON TABLE public.llm_action TO postgres;


--
-- Name: TABLE llm_action_history; Type: ACL; Schema: public; Owner: nickfiddes
--

GRANT ALL ON TABLE public.llm_action_history TO postgres;


--
-- Name: SEQUENCE llm_action_history_id_seq; Type: ACL; Schema: public; Owner: nickfiddes
--

GRANT ALL ON SEQUENCE public.llm_action_history_id_seq TO postgres;


--
-- Name: SEQUENCE llm_action_id_seq; Type: ACL; Schema: public; Owner: nickfiddes
--

GRANT ALL ON SEQUENCE public.llm_action_id_seq TO postgres;


--
-- Name: TABLE llm_interaction; Type: ACL; Schema: public; Owner: nickfiddes
--

GRANT ALL ON TABLE public.llm_interaction TO postgres;


--
-- Name: SEQUENCE llm_interaction_id_seq; Type: ACL; Schema: public; Owner: nickfiddes
--

GRANT ALL ON SEQUENCE public.llm_interaction_id_seq TO postgres;


--
-- Name: TABLE llm_model; Type: ACL; Schema: public; Owner: nickfiddes
--

GRANT ALL ON TABLE public.llm_model TO postgres;


--
-- Name: SEQUENCE llm_model_id_seq; Type: ACL; Schema: public; Owner: nickfiddes
--

GRANT ALL ON SEQUENCE public.llm_model_id_seq TO postgres;


--
-- Name: TABLE llm_prompt; Type: ACL; Schema: public; Owner: nickfiddes
--

GRANT ALL ON TABLE public.llm_prompt TO postgres;


--
-- Name: SEQUENCE llm_prompt_id_seq; Type: ACL; Schema: public; Owner: nickfiddes
--

GRANT ALL ON SEQUENCE public.llm_prompt_id_seq TO postgres;


--
-- Name: TABLE llm_prompt_part; Type: ACL; Schema: public; Owner: nickfiddes
--

GRANT ALL ON TABLE public.llm_prompt_part TO postgres;


--
-- Name: SEQUENCE llm_prompt_part_id_seq; Type: ACL; Schema: public; Owner: nickfiddes
--

GRANT ALL ON SEQUENCE public.llm_prompt_part_id_seq TO postgres;


--
-- Name: TABLE llm_provider; Type: ACL; Schema: public; Owner: nickfiddes
--

GRANT ALL ON TABLE public.llm_provider TO postgres;


--
-- Name: SEQUENCE llm_provider_id_seq; Type: ACL; Schema: public; Owner: nickfiddes
--

GRANT ALL ON SEQUENCE public.llm_provider_id_seq TO postgres;


--
-- Name: TABLE post; Type: ACL; Schema: public; Owner: nickfiddes
--

GRANT ALL ON TABLE public.post TO postgres;


--
-- Name: TABLE post_categories; Type: ACL; Schema: public; Owner: nickfiddes
--

GRANT ALL ON TABLE public.post_categories TO postgres;


--
-- Name: TABLE post_development; Type: ACL; Schema: public; Owner: nickfiddes
--

GRANT ALL ON TABLE public.post_development TO postgres;


--
-- Name: SEQUENCE post_development_id_seq; Type: ACL; Schema: public; Owner: nickfiddes
--

GRANT ALL ON SEQUENCE public.post_development_id_seq TO postgres;


--
-- Name: SEQUENCE post_id_seq; Type: ACL; Schema: public; Owner: nickfiddes
--

GRANT ALL ON SEQUENCE public.post_id_seq TO postgres;


--
-- Name: TABLE post_section; Type: ACL; Schema: public; Owner: nickfiddes
--

GRANT ALL ON TABLE public.post_section TO postgres;


--
-- Name: SEQUENCE post_section_id_seq; Type: ACL; Schema: public; Owner: nickfiddes
--

GRANT ALL ON SEQUENCE public.post_section_id_seq TO postgres;


--
-- Name: TABLE post_substage_action; Type: ACL; Schema: public; Owner: nickfiddes
--

GRANT ALL ON TABLE public.post_substage_action TO postgres;


--
-- Name: SEQUENCE post_substage_action_id_seq; Type: ACL; Schema: public; Owner: nickfiddes
--

GRANT ALL ON SEQUENCE public.post_substage_action_id_seq TO postgres;


--
-- Name: TABLE post_tags; Type: ACL; Schema: public; Owner: nickfiddes
--

GRANT ALL ON TABLE public.post_tags TO postgres;


--
-- Name: TABLE post_workflow_stage; Type: ACL; Schema: public; Owner: nickfiddes
--

GRANT SELECT ON TABLE public.post_workflow_stage TO PUBLIC;
GRANT ALL ON TABLE public.post_workflow_stage TO postgres;


--
-- Name: SEQUENCE post_workflow_stage_id_seq; Type: ACL; Schema: public; Owner: nickfiddes
--

GRANT ALL ON SEQUENCE public.post_workflow_stage_id_seq TO postgres;


--
-- Name: TABLE post_workflow_sub_stage; Type: ACL; Schema: public; Owner: nickfiddes
--

GRANT SELECT ON TABLE public.post_workflow_sub_stage TO PUBLIC;
GRANT ALL ON TABLE public.post_workflow_sub_stage TO postgres;


--
-- Name: SEQUENCE post_workflow_sub_stage_id_seq; Type: ACL; Schema: public; Owner: nickfiddes
--

GRANT ALL ON SEQUENCE public.post_workflow_sub_stage_id_seq TO postgres;


--
-- Name: TABLE substage_action_default; Type: ACL; Schema: public; Owner: nickfiddes
--

GRANT ALL ON TABLE public.substage_action_default TO postgres;


--
-- Name: SEQUENCE substage_action_default_id_seq; Type: ACL; Schema: public; Owner: nickfiddes
--

GRANT ALL ON SEQUENCE public.substage_action_default_id_seq TO postgres;


--
-- Name: TABLE tag; Type: ACL; Schema: public; Owner: nickfiddes
--

GRANT ALL ON TABLE public.tag TO postgres;


--
-- Name: SEQUENCE tag_id_seq; Type: ACL; Schema: public; Owner: nickfiddes
--

GRANT ALL ON SEQUENCE public.tag_id_seq TO postgres;


--
-- Name: TABLE "user"; Type: ACL; Schema: public; Owner: nickfiddes
--

GRANT ALL ON TABLE public."user" TO postgres;


--
-- Name: SEQUENCE user_id_seq; Type: ACL; Schema: public; Owner: nickfiddes
--

GRANT ALL ON SEQUENCE public.user_id_seq TO postgres;


--
-- Name: TABLE workflow; Type: ACL; Schema: public; Owner: nickfiddes
--

GRANT ALL ON TABLE public.workflow TO postgres;


--
-- Name: SEQUENCE workflow_id_seq; Type: ACL; Schema: public; Owner: nickfiddes
--

GRANT ALL ON SEQUENCE public.workflow_id_seq TO postgres;


--
-- Name: TABLE workflow_stage_entity; Type: ACL; Schema: public; Owner: nickfiddes
--

GRANT SELECT ON TABLE public.workflow_stage_entity TO PUBLIC;
GRANT ALL ON TABLE public.workflow_stage_entity TO postgres;


--
-- Name: SEQUENCE workflow_stage_entity_id_seq; Type: ACL; Schema: public; Owner: nickfiddes
--

GRANT ALL ON SEQUENCE public.workflow_stage_entity_id_seq TO postgres;


--
-- Name: TABLE workflow_sub_stage_entity; Type: ACL; Schema: public; Owner: nickfiddes
--

GRANT SELECT ON TABLE public.workflow_sub_stage_entity TO PUBLIC;
GRANT ALL ON TABLE public.workflow_sub_stage_entity TO postgres;


--
-- Name: SEQUENCE workflow_sub_stage_entity_id_seq; Type: ACL; Schema: public; Owner: nickfiddes
--

GRANT ALL ON SEQUENCE public.workflow_sub_stage_entity_id_seq TO postgres;


--
-- Name: DEFAULT PRIVILEGES FOR TABLES; Type: DEFAULT ACL; Schema: public; Owner: nickfiddes
--

ALTER DEFAULT PRIVILEGES FOR ROLE nickfiddes IN SCHEMA public GRANT ALL ON TABLES  TO postgres;


--
-- PostgreSQL database dump complete
--

