Word,Meaning,Provenance / Notes,Example Usage
bairn,child,Common in eastern & northern Scotland; part of Scots vocabulary widely used.,Keep the bairn inside till the rain stops.
brae,hill or slope,"Used in place‑names (The Braes o Balquhidder, Drumbrae) and in Scots dialect.",They climbed the steep brae to get a view over the loch.
mingin,foul smell / disgusting,Modern colloquial Scots word; gives strong character.,That’s a mingin bit of cheese — nae thanks.
smirr,fine rain / drizzle,Weather‑word typical of Scots usage; evokes atmosphere.,We set oot in the early smirr and still made good time.
wean,child,Used particularly in West Central Scotland; variant of 'bairn'.,The weans are all playing up in the yard.
neep,turnip,"Traditional Scottish vegetable word; used in ‘haggis, neeps & tatties’.",Mash the neeps gently before you serve.
stane,stone,Scots word for ‘stone’; shows how Scots uses its own terms even when English has cognates.,Throw the stane across the loch and watch the ripples.
farl,quarter piece of bread / flatbread,Traditional Scottish baking term; the quarter of a round cake or oatcake.,Cut the oatcake into a farl and share it with tea.
teuchter,rural Highlander (slang),"Lowland Scots term, with cultural/historical resonance; best used with caution.","He arrived in the city like a proper teuchter, gawky but full of stories."
wirry‑cow,"bugbear, ghost","Scots compound word, vivid and folkloric in flavour.",As a bairn she’d say there was a wirry‑cow in the attic at night.
word11,meaning11,Placeholder provenance text.,Example usage 11.
word12,meaning12,Placeholder provenance text.,Example usage 12.
word13,meaning13,Placeholder provenance text.,Example usage 13.
word14,meaning14,Placeholder provenance text.,Example usage 14.
word15,meaning15,Placeholder provenance text.,Example usage 15.
word16,meaning16,Placeholder provenance text.,Example usage 16.
word17,meaning17,Placeholder provenance text.,Example usage 17.
word18,meaning18,Placeholder provenance text.,Example usage 18.
word19,meaning19,Placeholder provenance text.,Example usage 19.
word20,meaning20,Placeholder provenance text.,Example usage 20.
word21,meaning21,Placeholder provenance text.,Example usage 21.
word22,meaning22,Placeholder provenance text.,Example usage 22.
word23,meaning23,Placeholder provenance text.,Example usage 23.
word24,meaning24,Placeholder provenance text.,Example usage 24.
word25,meaning25,Placeholder provenance text.,Example usage 25.
word26,meaning26,Placeholder provenance text.,Example usage 26.
word27,meaning27,Placeholder provenance text.,Example usage 27.
word28,meaning28,Placeholder provenance text.,Example usage 28.
word29,meaning29,Placeholder provenance text.,Example usage 29.
word30,meaning30,Placeholder provenance text.,Example usage 30.
word31,meaning31,Placeholder provenance text.,Example usage 31.
word32,meaning32,Placeholder provenance text.,Example usage 32.
word33,meaning33,Placeholder provenance text.,Example usage 33.
word34,meaning34,Placeholder provenance text.,Example usage 34.
word35,meaning35,Placeholder provenance text.,Example usage 35.
word36,meaning36,Placeholder provenance text.,Example usage 36.
word37,meaning37,Placeholder provenance text.,Example usage 37.
word38,meaning38,Placeholder provenance text.,Example usage 38.
word39,meaning39,Placeholder provenance text.,Example usage 39.
word40,meaning40,Placeholder provenance text.,Example usage 40.
word41,meaning41,Placeholder provenance text.,Example usage 41.
word42,meaning42,Placeholder provenance text.,Example usage 42.
word43,meaning43,Placeholder provenance text.,Example usage 43.
word44,meaning44,Placeholder provenance text.,Example usage 44.
word45,meaning45,Placeholder provenance text.,Example usage 45.
word46,meaning46,Placeholder provenance text.,Example usage 46.
word47,meaning47,Placeholder provenance text.,Example usage 47.
word48,meaning48,Placeholder provenance text.,Example usage 48.
word49,meaning49,Placeholder provenance text.,Example usage 49.
word50,meaning50,Placeholder provenance text.,Example usage 50.
word51,meaning51,Placeholder provenance text.,Example usage 51.
word52,meaning52,Placeholder provenance text.,Example usage 52.
word53,meaning53,Placeholder provenance text.,Example usage 53.
word54,meaning54,Placeholder provenance text.,Example usage 54.
word55,meaning55,Placeholder provenance text.,Example usage 55.
word56,meaning56,Placeholder provenance text.,Example usage 56.
word57,meaning57,Placeholder provenance text.,Example usage 57.
word58,meaning58,Placeholder provenance text.,Example usage 58.
word59,meaning59,Placeholder provenance text.,Example usage 59.
word60,meaning60,Placeholder provenance text.,Example usage 60.
word61,meaning61,Placeholder provenance text.,Example usage 61.
word62,meaning62,Placeholder provenance text.,Example usage 62.
word63,meaning63,Placeholder provenance text.,Example usage 63.
word64,meaning64,Placeholder provenance text.,Example usage 64.
word65,meaning65,Placeholder provenance text.,Example usage 65.
word66,meaning66,Placeholder provenance text.,Example usage 66.
word67,meaning67,Placeholder provenance text.,Example usage 67.
word68,meaning68,Placeholder provenance text.,Example usage 68.
word69,meaning69,Placeholder provenance text.,Example usage 69.
word70,meaning70,Placeholder provenance text.,Example usage 70.
word71,meaning71,Placeholder provenance text.,Example usage 71.
word72,meaning72,Placeholder provenance text.,Example usage 72.
word73,meaning73,Placeholder provenance text.,Example usage 73.
word74,meaning74,Placeholder provenance text.,Example usage 74.
word75,meaning75,Placeholder provenance text.,Example usage 75.
word76,meaning76,Placeholder provenance text.,Example usage 76.
word77,meaning77,Placeholder provenance text.,Example usage 77.
word78,meaning78,Placeholder provenance text.,Example usage 78.
word79,meaning79,Placeholder provenance text.,Example usage 79.
word80,meaning80,Placeholder provenance text.,Example usage 80.
word81,meaning81,Placeholder provenance text.,Example usage 81.
word82,meaning82,Placeholder provenance text.,Example usage 82.
word83,meaning83,Placeholder provenance text.,Example usage 83.
word84,meaning84,Placeholder provenance text.,Example usage 84.
word85,meaning85,Placeholder provenance text.,Example usage 85.
word86,meaning86,Placeholder provenance text.,Example usage 86.
word87,meaning87,Placeholder provenance text.,Example usage 87.
word88,meaning88,Placeholder provenance text.,Example usage 88.
word89,meaning89,Placeholder provenance text.,Example usage 89.
word90,meaning90,Placeholder provenance text.,Example usage 90.
word91,meaning91,Placeholder provenance text.,Example usage 91.
word92,meaning92,Placeholder provenance text.,Example usage 92.
word93,meaning93,Placeholder provenance text.,Example usage 93.
word94,meaning94,Placeholder provenance text.,Example usage 94.
word95,meaning95,Placeholder provenance text.,Example usage 95.
word96,meaning96,Placeholder provenance text.,Example usage 96.
word97,meaning97,Placeholder provenance text.,Example usage 97.
word98,meaning98,Placeholder provenance text.,Example usage 98.
word99,meaning99,Placeholder provenance text.,Example usage 99.
word100,meaning100,Placeholder provenance text.,Example usage 100.
