Index	Title	Summary
1	Winter Glens	Exploring frozen Highland glens in the depth of winter.
2	Cailleach’s Winter	A look at the winter goddess Cailleach and her seasonal influence.
3	Aurora Nights	Where and when to see Scotland’s northern lights.
4	Lion Rampant	The history and symbolism of Scotland’s royal lion.
5	Burns Night	How Scots celebrate Robert Burns worldwide.
6	Dark Skies	Scotland’s best regions for stargazing in winter.
7	Saltire	The origins and significance of Scotland’s national flag.
8	Up Helly Aa	Inside Shetland’s dramatic Viking fire festival.
9	Second Sight	Highland folklore on prophecy and intuition.
10	Unicorn	Why the unicorn became Scotland’s national beast.
11	Winter Sun	How low winter light transforms Scottish landscapes.
12	Great Seal of Scotland	What the Great Seal represents in Scotland’s state identity.
13	Spring Thaw	Rivers and wildlife awakening as winter fades.
14	Heather Luck	Why white heather is considered a charm of good fortune.
15	Arbroath Declaration	How a 1320 letter shaped Scottish identity.
16	Triquetra	The meaning of the three-corner Celtic knot.
17	Mist Corridors	Early spring fog and the mood it creates.
18	Celtic Knotwork	The symbolism of endless Celtic interlace patterns.
19	Fairy Hill	Hills and mounds linked to the fairy realm.
20	Wildflower Paths	Where to find Scotland’s best spring wildflower routes.
21	Luckenbooch Brooch	Scotland’s traditional love token and its symbolism.
22	Beltane Fires	The ancient May Day fire festival and its revival.
23	Rowan Tree	Why the rowan tree is seen as a protector in folklore.
24	Mountain Snowmelt	How spring thaw reshapes Highland rivers and glens.
25	Mermaid Warnings	Sea-spirits in coastal lore and their cautionary tales.
26	Iona Cross	The spiritual heritage of early Celtic Christianity.
27	Salmon	A symbol of wisdom and natural abundance.
28	Food Trails	Exploring Scotland through its regional food routes.
29	Tartan Day	A global celebration of Scottish heritage.
30	River Voices	How rivers shaped trade, travel, and settlement.
31	St Mungo’s Symbols	The bird, tree, bell, and fish tied to Glasgow’s patron saint.
32	Mountain Light	The dramatic seasonal light of the Highlands.
33	Green Man	A symbol of life and renewal in Scottish tradition.
34	Selkie	Tales of seal-folk who transform and cross worlds.
35	Scots Pine	A living relic of the ancient Caledonian Forest.
36	Summer Isles	A voyage through Scotland’s warm‑season island landscapes.
37	Pictish Crescent & V-Rod	Decoding one of Pictland’s most striking carved symbols.
38	Zoomorphic Knotwork	Celtic animals formed from interlaced linework.
39	Highland Games	Strength, sport, and tradition in summer gatherings.
40	Sea Cliffs	Exploring Scotland’s dramatic coastal geology.
41	Golden Eagle	A Highland icon of power and wildness.
42	Heather Bloom	Scotland’s moors turning purple in late summer.
43	Heather	A national symbol of resilience and identity.
44	Stag Guardian	The White Stag as a messenger of fate.
45	Devolution Vote	How recent votes reshaped Scottish governance.
46	Pictish Mirror & Comb	A symbol possibly linked to status, femininity, or identity.
47	Pictish Beast	Mystery of the dolphin‑dragon creature on carved stones.
48	Salmon migration narrative	Following Scotland’s great salmon runs.
49	Harvest Fayre	Seasonal celebrations of food and rural life.
50	Triskelion	The triple spiral and its spiritual interpretations.
51	Autumn Gold	Forests and hillsides at their golden peak.
52	Tattie Bogle	Scottish scarecrow lore and harvest traditions.
53	Clearances Story	The human impact of the Highland Clearances.
54	Cairn	Why cairns mark memory, routes, and belonging.
55	Celtic Cross	A defining symbol of early Scottish Christianity.
56	Rowan Magic	Protective charms and rituals using the rowan tree.
57	White Stag	Symbol of destiny, transformation, and kingship.
58	Autumn Storms	How Atlantic storms shape autumn landscapes.
59	Brownie	The household spirit who helps—or hinders—families.
60	Pictish Double Disk & Z-Rod	Unravelling another key Pictish symbol.
61	Cailleach revisited	The return of winter’s ancient goddess.
62	Stone Circles	Ritual sites and their enduring mystery.
63	Unseelie Host	The darker fairy host of late autumn.
64	St Andrew’s Day	Celebrating Scotland’s patron saint.
65	Winter Warmers	Food and customs for the coldest months.
66	Scottish Crown	The ancient crown used in Scottish coronations.
67	Royal Arms of Scotland	The heraldry that defined Scottish monarchy.
68	Storm Coast	Winter seas reshaping rugged coastlines.
69	Old Gods	Echoes of pre‑Christian deities in Scotland.
70	Festival Birth	How the Edinburgh festivals began.
71	Fairy Music	Tunes said to come from the Otherworld.
72	Forest Canopy	A look into Scotland’s ancient woodlands.
73	Celtic Harp	A musical emblem of Scottish identity.
74	Fishing Fleets	The rise of the herring industry.
75	Pride Scotland	Modern celebrations of identity and inclusion.
76	Peat Bogs	Ancient landscapes preserving millennia of history.
77	Luckenbooch Brooch revisit	A shorter second-angle exploration of its meaning.
78	Spring Bloom	Spring festivals and returning colour.
79	Wildflower Paths revisit	New routes for seasonal wildflowers.
80	Heather Bride	Early spring goddess lore.
81	Mountain Snowmelt revisit	A second take on thaw and transformation.
82	Triple Spiral	Meanings behind triple-spiral carvings.
83	Kelpie	Water‑horse legends from lochs and rivers.
84	Summer Isles revisit	A fresh look at warm‑season island travel.
85	Outdoor Cinema revisit	New venues for films under bright summer skies.
86	Farm Markets revisit	Seasonal produce and handmade crafts.
87	Island Feasts revisit	Food traditions across Scotland’s islands.
88	Tourism Boom revisit	How tourism continues to reshape Scotland.
89	Celtic Knotwork applied	Modern uses of ancient knot designs.
90	Autumn Woods	Peak autumn colour in Scotland’s forests.
91	Talking Trees	Folklore surrounding ancient woods.
92	Fishing Fleets reflection	A reflective angle on coastal heritage.
93	Pictish Stone Symbols	A combined overview of key carved symbols.
94	Highland Regiments	Military identity rooted in the Highlands.
95	Harvest Queen	Autumn rituals and the last sheaf.
96	Will‑o’-Wisps	Mysterious lights in Scottish marshlands.
97	Stone Circles revisit	A second interpretation of stone‑circle sites.
98	Clearances Story revisit	Exploring new dimensions of Clearance history.
99	New Year Feasts	Traditional foods for Hogmanay and beyond.
100	St Mungo’s Symbols revisit	Additional perspectives on Glasgow’s symbols.
101	Peat Bogs winter	The bleak beauty of peatlands in winter.
102	Winter Warmers revisit	More winter comfort traditions.
103	New Year Feasts final	A concluding look at seasonal Scottish foods.
104	White Stag closing	Ending the cycle with a symbol of transformation.