id,content_type,idea_id,scheduled_date,status
1646,weekly_insult,1294,2026-01-23,ready
3145,weekly_insult,1296,2026-01-30,pending
3230,weekly_phrase,1189,2026-01-21,ready
4552,weekly_word,1092,2026-01-22,ready
4553,weekly_phrase,1188,2026-01-22,ready
4554,weekly_insult,1295,2026-01-22,ready
4555,weekly_word,1093,2026-01-22,ready
4556,weekly_phrase,1189,2026-01-22,ready
4557,weekly_insult,1296,2026-01-22,ready
5519,weekly_word,1092,2026-01-23,ready
5520,weekly_phrase,1188,2026-01-23,ready
5522,weekly_word,1093,2026-01-23,ready
5523,weekly_phrase,1189,2026-01-23,ready
5524,weekly_insult,1296,2026-01-23,ready
7235,weekly_word,1092,2026-01-24,ready
7236,weekly_phrase,1188,2026-01-24,ready
7237,weekly_insult,1295,2026-01-24,ready
7238,weekly_word,1093,2026-01-24,ready
7239,weekly_phrase,1189,2026-01-24,ready
7240,weekly_insult,1296,2026-01-24,ready
8957,weekly_word,1092,2026-01-25,ready
8958,weekly_phrase,1188,2026-01-25,ready
8959,weekly_insult,1295,2026-01-25,ready
8960,weekly_word,1093,2026-01-25,ready
8961,weekly_phrase,1189,2026-01-25,ready
8962,weekly_insult,1296,2026-01-25,ready
10722,weekly_phrase,1188,2026-01-26,ready
10723,weekly_insult,1295,2026-01-26,ready
10725,weekly_phrase,1189,2026-01-26,ready
10726,weekly_insult,1296,2026-01-26,ready
14448,weekly_insult,1295,2026-01-28,ready
14449,weekly_word,1093,2026-01-28,ready
14451,weekly_insult,1296,2026-01-28,ready
14452,weekly_word,1094,2026-01-28,ready
14454,weekly_insult,1297,2026-01-28,ready
16454,weekly_insult,1295,2026-01-29,ready
16455,weekly_word,1093,2026-01-29,ready
16456,weekly_phrase,1189,2026-01-29,ready
16457,weekly_insult,1296,2026-01-29,ready
16458,weekly_word,1094,2026-01-29,ready
16459,weekly_phrase,1190,2026-01-29,ready
16460,weekly_insult,1297,2026-01-29,ready
17098,weekly_insult,1381,2026-01-29,ready
17099,weekly_word,1130,2026-01-29,ready
17100,weekly_phrase,1191,2026-01-29,ready
17101,weekly_insult,1299,2026-01-29,ready
17102,weekly_word,1097,2026-01-29,ready
17103,weekly_phrase,1194,2026-01-29,ready
17104,weekly_insult,1302,2026-01-29,ready
17105,weekly_word,1100,2026-01-29,ready
17106,weekly_phrase,1197,2026-01-29,ready
17107,weekly_insult,1305,2026-01-29,ready
17108,weekly_word,1103,2026-01-29,ready
17109,weekly_phrase,1200,2026-01-29,ready
17110,weekly_insult,1308,2026-01-29,ready
17111,weekly_word,1106,2026-01-29,ready
17112,weekly_phrase,1203,2026-01-29,ready
17113,weekly_insult,1311,2026-01-29,ready
17114,weekly_word,1109,2026-01-29,ready
17115,weekly_phrase,1206,2026-01-29,ready
17116,weekly_insult,1314,2026-01-29,ready
17117,weekly_word,1112,2026-01-29,ready
17118,weekly_phrase,1209,2026-01-29,ready
17119,weekly_insult,1317,2026-01-29,ready
17120,weekly_word,1115,2026-01-29,ready
17121,weekly_phrase,1212,2026-01-29,ready
17122,weekly_insult,1320,2026-01-29,ready
17123,weekly_word,1118,2026-01-29,ready
17124,weekly_phrase,1215,2026-01-29,ready
17125,weekly_insult,1323,2026-01-29,ready
17126,weekly_word,1121,2026-01-29,ready
17127,weekly_phrase,1218,2026-01-29,ready
17128,weekly_insult,1326,2026-01-29,ready
17129,weekly_word,1124,2026-01-29,ready
17130,weekly_phrase,1221,2026-01-29,ready
17131,weekly_insult,1329,2026-01-29,ready
17132,weekly_word,1127,2026-01-29,ready
17133,weekly_phrase,1224,2026-01-29,ready
17134,weekly_insult,1332,2026-01-29,ready
17136,weekly_phrase,1227,2026-01-29,ready
17137,weekly_insult,1335,2026-01-29,ready
17138,weekly_word,1133,2026-01-29,ready
17139,weekly_phrase,1230,2026-01-29,ready
17140,weekly_insult,1338,2026-01-29,ready
17141,weekly_word,1136,2026-01-29,ready
17142,weekly_phrase,1233,2026-01-29,ready
17143,weekly_insult,1342,2026-01-29,ready
17144,weekly_word,1139,2026-01-29,ready
17145,weekly_phrase,1238,2026-01-29,ready
17146,weekly_word,1088,2026-01-29,ready
17147,weekly_phrase,1186,2026-01-29,ready
17148,weekly_insult,1293,2026-01-29,ready
17149,weekly_insult,1344,2026-01-29,ready
17150,weekly_word,1166,2026-01-29,ready
17151,weekly_phrase,1256,2026-01-29,ready
17152,weekly_insult,1382,2026-01-29,ready
17153,weekly_word,1159,2026-01-29,ready
17154,weekly_phrase,1273,2026-01-29,ready
17155,weekly_insult,1365,2026-01-29,ready
17156,weekly_word,1098,2026-01-29,ready
17157,weekly_phrase,1240,2026-01-29,ready
17158,weekly_insult,1384,2026-01-29,ready
17159,weekly_word,1181,2026-01-29,ready
17160,weekly_phrase,1243,2026-01-29,ready
17161,weekly_insult,1387,2026-01-29,ready
17200,weekly_insult,1330,2026-01-29,ready
17201,weekly_word,1111,2026-01-29,ready
17202,weekly_phrase,1269,2026-01-29,ready
17203,weekly_insult,1374,2026-01-29,ready
17204,weekly_word,1102,2026-01-29,ready
17205,weekly_phrase,1262,2026-01-29,ready
17206,weekly_insult,1367,2026-01-29,ready
17207,weekly_word,1151,2026-01-29,ready
17208,weekly_phrase,1198,2026-01-29,ready
17209,weekly_insult,1303,2026-01-29,ready
17210,weekly_word,1155,2026-01-29,ready
17211,weekly_phrase,1202,2026-01-29,ready
17212,weekly_insult,1307,2026-01-29,ready
17251,weekly_insult,1313,2026-01-29,ready
17252,weekly_word,1104,2026-01-29,ready
17253,weekly_phrase,1213,2026-01-29,ready
17254,weekly_insult,1301,2026-01-29,ready
17255,weekly_word,1135,2026-01-29,ready
17256,weekly_phrase,1204,2026-01-29,ready
17257,weekly_insult,1356,2026-01-29,ready
17258,weekly_word,1128,2026-01-29,ready
17259,weekly_phrase,1254,2026-01-29,ready
17260,weekly_insult,1360,2026-01-29,ready
17261,weekly_word,1179,2026-01-29,ready
17262,weekly_phrase,1258,2026-01-29,ready
17263,weekly_insult,1363,2026-01-29,ready
17302,weekly_insult,1333,2026-01-29,ready
17303,weekly_word,1099,2026-01-29,ready
17304,weekly_phrase,1205,2026-01-29,ready
17305,weekly_insult,1324,2026-01-29,ready
17306,weekly_word,1113,2026-01-29,ready
17307,weekly_phrase,1237,2026-01-29,ready
17308,weekly_insult,1385,2026-01-29,ready
17309,weekly_word,1397,2026-01-29,ready
17310,weekly_phrase,1229,2026-01-29,ready
17311,weekly_insult,1318,2026-01-29,ready
17312,weekly_word,1162,2026-01-29,ready
17313,weekly_phrase,1235,2026-01-29,ready
17314,weekly_insult,1322,2026-01-29,ready
17353,weekly_insult,1389,2026-01-29,ready
17354,weekly_word,1095,2026-01-29,ready
17355,weekly_phrase,1199,2026-01-29,ready
17356,weekly_insult,1358,2026-01-29,ready
17357,weekly_word,1146,2026-01-29,ready
17358,weekly_phrase,1214,2026-01-29,ready
17359,weekly_insult,1309,2026-01-29,ready
17360,weekly_word,1175,2026-01-29,ready
17361,weekly_phrase,1192,2026-01-29,ready
17362,weekly_insult,1357,2026-01-29,ready
17363,weekly_word,1125,2026-01-29,ready
17364,weekly_phrase,1196,2026-01-29,ready
17365,weekly_insult,1362,2026-01-29,ready
17404,weekly_insult,1304,2026-01-29,ready
17405,weekly_word,1147,2026-01-29,ready
17406,weekly_phrase,1201,2026-01-29,ready
17407,weekly_insult,1353,2026-01-29,ready
17408,weekly_word,1089,2026-01-29,ready
17409,weekly_phrase,1252,2026-01-29,ready
17410,weekly_insult,1298,2026-01-29,ready
17411,weekly_word,1165,2026-01-29,ready
17412,weekly_phrase,1282,2026-01-29,ready
17413,weekly_insult,1376,2026-01-29,ready
17414,weekly_word,1158,2026-01-29,ready
17415,weekly_phrase,1285,2026-01-29,ready
17416,weekly_insult,1379,2026-01-29,ready
17455,weekly_insult,1364,2026-01-29,ready
17456,weekly_word,1157,2026-01-29,ready
17457,weekly_phrase,1251,2026-01-29,ready
17458,weekly_insult,1321,2026-01-29,ready
17459,weekly_word,1120,2026-01-29,ready
17460,weekly_phrase,1195,2026-01-29,ready
17461,weekly_insult,1327,2026-01-29,ready
17462,weekly_word,1123,2026-01-29,ready
17463,weekly_phrase,1271,2026-01-29,ready
17464,weekly_insult,1377,2026-01-29,ready
17465,weekly_word,1171,2026-01-29,ready
17466,weekly_phrase,1275,2026-01-29,ready
17467,weekly_insult,1383,2026-01-29,ready
17506,weekly_insult,1352,2026-01-29,ready
17507,weekly_word,1167,2026-01-29,ready
17508,weekly_phrase,1264,2026-01-29,ready
17509,weekly_insult,1331,2026-01-29,ready
17510,weekly_word,1154,2026-01-29,ready
17511,weekly_phrase,1225,2026-01-29,ready
17512,weekly_insult,1392,2026-01-29,ready
17513,weekly_word,1134,2026-01-29,ready
17514,weekly_phrase,1228,2026-01-29,ready
17515,weekly_insult,1368,2026-01-29,ready
17516,weekly_word,1185,2026-01-29,ready
17517,weekly_phrase,1236,2026-01-29,ready
17518,weekly_insult,1371,2026-01-29,ready
17557,weekly_insult,1354,2026-01-29,ready
17558,weekly_word,1144,2026-01-29,ready
17559,weekly_phrase,1272,2026-01-29,ready
17560,weekly_insult,1343,2026-01-29,ready
17561,weekly_word,1141,2026-01-29,ready
17562,weekly_phrase,1263,2026-01-29,ready
17563,weekly_insult,1393,2026-01-29,ready
17564,weekly_word,1168,2026-01-29,ready
17565,weekly_phrase,1242,2026-01-29,ready
17566,weekly_insult,1339,2026-01-29,ready
17567,weekly_word,1150,2026-01-29,ready
17568,weekly_phrase,1246,2026-01-29,ready
17569,weekly_insult,1346,2026-01-29,ready
17608,weekly_insult,1348,2026-01-29,ready
17609,weekly_word,1173,2026-01-29,ready
17610,weekly_phrase,1253,2026-01-29,ready
17611,weekly_insult,1396,2026-01-29,ready
17612,weekly_word,1119,2026-01-29,ready
17613,weekly_phrase,1248,2026-01-29,ready
17614,weekly_insult,1347,2026-01-29,ready
17615,weekly_word,1172,2026-01-29,ready
17616,weekly_phrase,1276,2026-01-29,ready
17617,weekly_insult,1312,2026-01-29,ready
17618,weekly_word,1163,2026-01-29,ready
17619,weekly_phrase,1279,2026-01-29,ready
17620,weekly_insult,1319,2026-01-29,ready
17659,weekly_insult,1341,2026-01-29,ready
17660,weekly_word,1182,2026-01-29,ready
17661,weekly_phrase,1280,2026-01-29,ready
17662,weekly_insult,1315,2026-01-29,ready
17663,weekly_word,1137,2026-01-29,ready
17664,weekly_phrase,1223,2026-01-29,ready
17665,weekly_insult,1394,2026-01-29,ready
17666,weekly_word,1107,2026-01-29,ready
17667,weekly_phrase,1278,2026-01-29,ready
17668,weekly_insult,1336,2026-01-29,ready
17669,weekly_word,1140,2026-01-29,ready
17670,weekly_phrase,1284,2026-01-29,ready
17671,weekly_insult,1349,2026-01-29,ready
17710,weekly_insult,1390,2026-01-29,ready
17711,weekly_word,1138,2026-01-29,ready
17712,weekly_phrase,1288,2026-01-29,ready
17713,weekly_insult,1328,2026-01-29,ready
17714,weekly_word,1116,2026-01-29,ready
17715,weekly_phrase,1244,2026-01-29,ready
17716,weekly_insult,1351,2026-01-29,ready
17717,weekly_word,1184,2026-01-29,ready
17718,weekly_phrase,1211,2026-01-29,ready
17719,weekly_insult,1361,2026-01-29,ready
17720,weekly_word,1131,2026-01-29,ready
17721,weekly_phrase,1219,2026-01-29,ready
17722,weekly_insult,1370,2026-01-29,ready
17761,weekly_insult,1337,2026-01-29,ready
17762,weekly_word,1149,2026-01-29,ready
17763,weekly_phrase,1247,2026-01-29,ready
17764,weekly_insult,1291,2026-01-29,ready
17765,weekly_word,1101,2026-01-29,ready
17766,weekly_phrase,1222,2026-01-29,ready
17767,weekly_insult,1350,2026-01-29,ready
17768,weekly_word,1143,2026-01-29,ready
17769,weekly_phrase,1193,2026-01-29,ready
17770,weekly_insult,1395,2026-01-29,ready
17771,weekly_word,1156,2026-01-29,ready
17772,weekly_phrase,1210,2026-01-29,ready
17773,weekly_insult,1300,2026-01-29,ready
17812,weekly_insult,1380,2026-01-29,ready
17813,weekly_word,1117,2026-01-29,ready
17814,weekly_phrase,1260,2026-01-29,ready
17815,weekly_insult,1391,2026-01-29,ready
17816,weekly_word,1153,2026-01-29,ready
17817,weekly_phrase,1216,2026-01-29,ready
17818,weekly_insult,1306,2026-01-29,ready
17819,weekly_word,1164,2026-01-29,ready
17820,weekly_phrase,1255,2026-01-29,ready
17821,weekly_insult,1310,2026-01-29,ready
17822,weekly_word,1129,2026-01-29,ready
17823,weekly_phrase,1261,2026-01-29,ready
17824,weekly_insult,1334,2026-01-29,ready
17863,weekly_insult,1355,2026-01-29,ready
17864,weekly_word,1110,2026-01-29,ready
17865,weekly_phrase,1232,2026-01-29,ready
17866,weekly_insult,1372,2026-01-29,ready
17867,weekly_word,1174,2026-01-29,ready
17868,weekly_phrase,1266,2026-01-29,ready
17869,weekly_insult,1325,2026-01-29,ready
17870,weekly_word,1160,2026-01-29,ready
17871,weekly_phrase,1270,2026-01-29,ready
17872,weekly_insult,1292,2026-01-29,ready
17873,weekly_word,1132,2026-01-29,ready
17874,weekly_phrase,1281,2026-01-29,ready
17875,weekly_insult,1359,2026-01-29,ready
17914,weekly_insult,1375,2026-01-29,ready
17915,weekly_word,1178,2026-01-29,ready
17916,weekly_phrase,1226,2026-01-29,ready
17917,weekly_insult,1369,2026-01-29,ready
17918,weekly_word,1183,2026-01-29,ready
17919,weekly_phrase,1277,2026-01-29,ready
17920,weekly_insult,1373,2026-01-29,ready
17921,weekly_word,1180,2026-01-29,ready
17922,weekly_phrase,1265,2026-01-29,ready
17923,weekly_insult,1388,2026-01-29,ready
17924,weekly_word,1152,2026-01-29,ready
17925,weekly_phrase,1274,2026-01-29,ready
17926,weekly_insult,1345,2026-01-29,ready
17965,weekly_insult,1316,2026-01-29,ready
17966,weekly_word,1126,2026-01-29,ready
17967,weekly_phrase,1287,2026-01-29,ready
17968,weekly_insult,1386,2026-01-29,ready
17969,weekly_word,1161,2026-01-29,ready
17970,weekly_phrase,1207,2026-01-29,ready
17971,weekly_insult,1366,2026-01-29,ready
17972,weekly_word,1114,2026-01-29,ready
17973,weekly_phrase,1208,2026-01-29,ready
17974,weekly_insult,1378,2026-01-29,ready
17975,weekly_word,1105,2026-01-29,ready
17976,weekly_phrase,1231,2026-01-29,ready
17977,weekly_insult,1294,2026-01-29,ready
18016,weekly_word,1148,2026-01-29,ready
18017,weekly_phrase,1250,2026-01-29,ready
18018,weekly_word,1096,2026-01-29,ready
18019,weekly_phrase,1268,2026-01-29,ready
18020,weekly_word,1177,2026-01-29,ready
18021,weekly_phrase,1245,2026-01-29,ready
18022,weekly_word,1108,2026-01-29,ready
18023,weekly_phrase,1259,2026-01-29,ready
18062,weekly_word,1169,2026-01-29,ready
18063,weekly_phrase,1267,2026-01-29,ready
18064,weekly_word,1170,2026-01-29,ready
18065,weekly_phrase,1220,2026-01-29,ready
18066,weekly_word,1176,2026-01-29,ready
18067,weekly_phrase,1217,2026-01-29,ready
18068,weekly_word,1122,2026-01-29,ready
18069,weekly_phrase,1249,2026-01-29,ready
18108,weekly_word,1145,2026-01-29,ready
18109,weekly_phrase,1286,2026-01-29,ready
18110,weekly_word,1142,2026-01-29,ready
18111,weekly_phrase,1289,2026-01-29,ready
18112,weekly_phrase,1239,2026-01-29,ready
18113,weekly_phrase,1283,2026-01-29,ready
18152,weekly_phrase,1241,2026-01-29,ready
18153,weekly_phrase,1257,2026-01-29,ready
18154,weekly_phrase,1187,2026-01-29,ready
