category,title,body_text,tone,source_note,image_idea,confidence_flag,image_style
lineage_system,How clan membership worked in practice,"In historical Scotland, clan membership was shaped as much by residence and allegiance as by ancestry. People could become associated with a clan through protection, service, marriage, or long-term settlement. Loyalty and mutual obligation mattered more than fixed surnames. This flexibility allowed clans to adapt to political and social change.",contextual,General historical consensus,Illustration of mixed households within a clan territory,medium_high,illustration|contextual
lineage_system,Why allegiance mattered more than ancestry,"Belonging within a clan often depended on whom one followed rather than who one descended from. Allegiance provided protection, land access, and security. In unstable conditions, practical loyalty outweighed genealogical purity. Clan identity functioned as a living social system.",contextual,Social history of clan society,Diagram showing overlapping allegiance networks,medium_high,illustration|contextual
lineage_system,How protection shaped clan growth,"Clans expanded by offering protection to families and individuals living within their territory. In return, loyalty and service were expected. This reciprocal arrangement encouraged growth beyond blood relations. Protection networks helped stabilise regions over time.",contextual,Medieval Scottish social history,Map showing protected territories,medium_high,map|historical
lineage_system,Why people changed clan affiliation,"Clan affiliation was not always permanent. Changes in residence, marriage, or political pressure could lead individuals to align with a different group. Such shifts were often pragmatic rather than disloyal. Adaptation supported survival.",contextual,General historical consensus,Flow diagram showing changing affiliations,medium_high,illustration|contextual
lineage_system,How fosterage strengthened kin networks,Fosterage placed children in other households to build alliances and trust. The practice created emotional and political bonds between families. Foster relationships could be as influential as blood ties. This system reinforced inter-clan stability.,contextual,Early Scottish kinship practices,Illustration of fosterage exchange,medium_high,illustration|contextual
lineage_system,Why surnames did not define belonging,"Surnames were late and inconsistently applied in Scotland. Many unrelated families shared the same name, while close kin might use different ones. Clan belonging relied on social connection rather than nomenclature. Names followed identity, not the reverse.",informative,Historical naming practices,Historic documents showing name variation,high,archive|detail
lineage_system,How non-kin could become clan members,"Individuals without blood ties could be accepted through service, tenancy, or long residence. Over time, these connections became normalised. Inclusion strengthened manpower and loyalty. Clan society was porous by necessity.",contextual,Clan social structure studies,Illustration of extended clan community,medium_high,illustration|contextual
lineage_system,Why residence mattered in clan identity,Living within a clan’s territory created obligations and protection regardless of origin. Geography anchored identity in daily life. Residence shaped allegiance more reliably than ancestry. Place mattered deeply in belonging.,contextual,Historical geography,Map linking settlements to clan lands,medium_high,map|historical
lineage_system,How service created long-term affiliation,"Military, domestic, or agricultural service tied individuals to a clan household. Repeated service built trust and loyalty across generations. These relationships often outlasted original contracts. Service became identity.",contextual,Medieval labour history,Illustration of household service,medium_high,illustration|contextual
lineage_system,Why clan boundaries shifted over time,"Clan territories were not fixed lines on a map. Marriage, conflict, and negotiation altered boundaries. Power was relational rather than absolute. Maps reflect moments, not permanence.",contextual,Political geography,Layered map showing boundary change,medium_high,map|historical
lineage_system,How kinship extended beyond bloodlines,"Kinship included foster relations, marriage ties, and long-standing alliances. These connections created wide support networks. Social kinship often mattered more than genealogy. Clan society prioritised cohesion.",contextual,Anthropological history,Network diagram of kin ties,medium_high,illustration|contextual
lineage_system,Why clans absorbed neighbouring families,"Smaller families often sought protection under stronger clans. Absorption reduced conflict and increased stability. Over time, these families became fully integrated. Expansion was often peaceful.",contextual,Regional social history,Illustration of merging family groups,medium_high,illustration|contextual
lineage_system,How marriage altered clan relationships,Marriage linked clans politically and socially. Alliances created by marriage could ease tensions or strengthen power. Women played key roles in these connections. Marital ties reshaped clan landscapes.,contextual,Marriage and kinship studies,Marriage alliance diagram,medium_high,illustration|contextual
lineage_system,Why women linked clans through marriage,Women acted as conduits between kin groups through marriage. Their relationships maintained communication and alliance. Influence was often informal but significant. Clan continuity relied on these connections.,contextual,Gender and kinship history,Illustration of inter-clan marriage,medium_high,illustration|contextual
lineage_system,How leadership legitimacy was established,Clan leadership depended on recognition as much as inheritance. Chiefs needed support from leading families. Authority was negotiated rather than imposed. Leadership failure could lead to replacement.,contextual,Political culture of clans,Illustration of council gathering,medium_high,illustration|contextual
lineage_system,Why rival clans sometimes merged,Shared threats or economic pressure encouraged cooperation. Rival groups could merge through alliance or absorption. Former distinctions faded over generations. Survival encouraged unity.,contextual,Conflict resolution history,Illustration of merged clan symbols,medium_high,illustration|contextual
lineage_system,How geography shaped clan territories,"Mountains, rivers, and coasts influenced where clans formed and expanded. Natural barriers defined interaction. Geography shaped economy and defence. Territory followed terrain.",contextual,Physical geography of Scotland,Relief map with clan regions,medium_high,map|historical
lineage_system,Why coastal clans differed from inland ones,Access to the sea shaped economy and contact. Coastal clans engaged more in trade and seafaring. Inland groups relied on pastoral resources. Environment shaped social structure.,contextual,Maritime vs inland history,Coastal and inland comparison map,medium_high,map|historical
lineage_system,How power operated within clan society,Power was distributed among households and leaders. Chiefs depended on consensus and support. Authority was relational and conditional. Balance maintained stability.,contextual,Clan governance studies,Diagram of power distribution,medium_high,illustration|contextual
lineage_system,Why loyalty could override lineage,"In moments of conflict or need, loyalty proved more decisive than descent. Support followed protection and leadership. Clan identity functioned through trust. Practical bonds mattered most.",contextual,General historical consensus,Illustration of oath or pledge,medium_high,illustration|contextual
lineage_system,How clientage functioned within clans,"Clientage linked households to a chief or leading family through mutual obligation. Clients received protection and access to land, while offering service and loyalty in return. These ties could span generations. Clientage expanded influence beyond close kin.",contextual,Clan social organisation studies,Diagram showing clientage relationships,medium_high,illustration|contextual
lineage_system,Why some clans disappeared entirely,"Not all clans survived political and economic change. Loss of leadership, land, or followers weakened structures. Some groups were absorbed by stronger neighbours. Disappearance often reflected adaptation rather than failure.",contextual,Regional historical studies,Fading clan territory map,medium_high,map|historical
lineage_system,How clans adapted to political change,Shifts in royal authority altered clan autonomy. Clans adjusted allegiances and practices to survive. Adaptation could involve negotiation or reform. Flexibility sustained continuity.,contextual,Political history of Scotland,Timeline showing political transitions,medium_high,illustration|contextual
lineage_system,Why feuds did not define daily life,"While feuds occurred, everyday life focused on farming, trade, and family. Cooperation outweighed conflict in most circumstances. Later narratives often exaggerate violence. Stability was essential.",contextual,Social history of clans,Agricultural daily life scene,medium_high,lifestyle|heritage
lineage_system,How law interacted with clan authority,"Formal law and customary authority coexisted. Clan leaders enforced order locally, while royal law asserted wider control. Interaction varied by region. Governance was layered.",contextual,Legal history,Illustration of court and clan council,medium_high,illustration|contextual
lineage_system,Why clan chiefs relied on consensus,Chiefs depended on support from leading families. Decisions required agreement to remain effective. Authority was relational. Consensus preserved unity.,contextual,Clan governance studies,Council gathering illustration,medium_high,illustration|contextual
lineage_system,How inheritance worked within clans,Inheritance balanced primogeniture with provision for others. Younger members sought roles through service or marriage. Custom shaped outcomes. Inheritance reinforced hierarchy.,contextual,Inheritance customs,Family inheritance diagram,medium_high,illustration|contextual
lineage_system,Why younger sons followed different paths,"Limited land meant younger sons sought opportunity elsewhere. Military service, marriage, or migration were common. These paths extended clan influence. Mobility was expected.",contextual,Social mobility history,Illustration of younger sons departing,medium_high,illustration|contextual
lineage_system,How clan identity persisted after dispersal,"Even after displacement, memory preserved affiliation. Stories and symbols maintained connection. Identity adapted to new contexts. Persistence relied on narrative.",contextual,Cultural memory studies,Diaspora memory illustration,medium_high,illustration|contextual
lineage_system,Why clans were strongest in certain regions,Geography and political conditions favoured clan systems in some areas. Sparse populations encouraged kin-based organisation. Other regions used different models. Strength varied.,contextual,Regional social history,Map highlighting strong clan regions,medium_high,map|historical
lineage_system,How clan systems differed across Scotland,"Clan organisation was not uniform nationwide. Highland, island, and border regions differed markedly. Local conditions shaped practice. Variation was normal.",contextual,Comparative regional studies,Regional comparison map,medium_high,map|historical
lineage_system,Why Lowland kinship followed other models,Lowland society relied more on feudal and burgh systems. Kinship existed but functioned differently. Economic structure influenced organisation. Clans were one model among many.,contextual,Lowland social history,Lowland town and countryside illustration,medium_high,illustration|contextual
lineage_system,How landholding influenced allegiance,Control of land determined power and loyalty. Tenancy tied households to leaders. Loss of land weakened allegiance. Property shaped identity.,contextual,Land tenure history,Estate landholding diagram,medium_high,map|historical
lineage_system,Why protection networks mattered,Protection ensured safety in unstable periods. Networks reduced vulnerability. Loyalty followed protection. Mutual defence sustained communities.,contextual,Security and kinship studies,Protective network illustration,medium_high,illustration|contextual
lineage_system,How honour operated within kin groups,Honour regulated behaviour and reputation. Actions reflected on wider kin. Maintaining honour encouraged cooperation. Social pressure enforced norms.,contextual,Anthropological history,Illustration of honour exchange,medium_high,illustration|contextual
lineage_system,Why clan membership was negotiable,Membership adapted to circumstance. Inclusion supported strength. Boundaries shifted as needed. Negotiation enabled survival.,contextual,Clan social flexibility,Flow diagram of negotiated membership,medium_high,illustration|contextual
lineage_system,How conflict reshaped clan structures,Conflict altered leadership and alliances. Losses forced reorganisation. Structures evolved in response. Change followed pressure.,contextual,Conflict history,Before-and-after clan structure diagram,medium_high,illustration|contextual
lineage_system,Why peacekeeping mattered within clans,Internal peace preserved resources and cohesion. Leaders mediated disputes. Stability benefited all. Peacekeeping sustained authority.,contextual,Conflict mediation history,Mediation scene illustration,medium_high,illustration|contextual
lineage_system,How external threats unified kin groups,Shared danger encouraged solidarity. Kin groups coordinated defence. Unity strengthened survival. Threats reinforced identity.,contextual,Military social history,Defensive gathering illustration,medium_high,illustration|contextual
lineage_system,Why clan identity was situational,Identity shifted with context and need. People emphasised different affiliations over time. Flexibility aided navigation of social worlds. Identity was functional.,contextual,Sociocultural studies,Layered identity illustration,medium_high,illustration|contextual
lineage_system,How chiefs balanced authority and obligation,Clan chiefs exercised authority through reciprocal obligation rather than command alone. They were expected to protect followers and manage resources fairly. Failure to meet obligations weakened leadership. Authority depended on trust.,contextual,Clan governance studies,Illustration of chief consulting elders,medium_high,illustration|contextual
lineage_system,Why clans relied on mutual dependence,"Clan society functioned through interdependence between households. Labour, defence, and resources were shared. Mutual reliance reduced individual risk. Dependence strengthened cohesion.",contextual,Social organisation history,Diagram of shared responsibilities,medium_high,illustration|contextual
lineage_system,How social status worked within clans,"Status within clans reflected role, reputation, and proximity to leadership. It was not fixed solely by birth. Service and loyalty could elevate standing. Social order remained flexible.",contextual,Anthropological studies,Hierarchy illustration within a clan,medium_high,illustration|contextual
lineage_system,Why clans were not closed systems,"Clans regularly incorporated outsiders through service, marriage, or settlement. Openness increased resilience. Boundaries shifted with need. Exclusion was impractical.",contextual,Regional social history,Open-boundary clan diagram,medium_high,illustration|contextual
lineage_system,How alliances stabilised regions,Alliances between clans reduced conflict and enabled cooperation. Marriage and agreement formalised ties. Stability benefited trade and farming. Alliances were strategic.,contextual,Political alliance history,Inter-clan alliance map,medium_high,map|historical
lineage_system,Why kinship networks extended beyond clans,Kinship linked families across territories through marriage and fosterage. Networks overlapped clan boundaries. These ties facilitated cooperation. Identity operated at multiple levels.,contextual,Kinship studies,Network map of extended kin,medium_high,illustration|contextual
lineage_system,How memory preserved clan identity,"Stories, names, and symbols maintained identity over time. Memory substituted for presence after dispersal. Narrative continuity mattered. Identity lived through remembrance.",contextual,Cultural memory research,Oral history illustration,medium_high,illustration|contextual
lineage_system,Why clan identity survived legal change,Legal reforms altered authority but did not erase social bonds. Clan identity adapted to new structures. Informal networks persisted. Continuity followed flexibility.,contextual,Legal and social history,Timeline of legal change,medium_high,illustration|contextual
lineage_system,How economic shifts weakened clan systems,Market integration and land reform changed traditional relationships. Economic pressures reduced reliance on kin-based organisation. Some structures dissolved gradually. Change followed material conditions.,contextual,Economic history,Economic transition diagram,medium_high,illustration|contextual
lineage_system,Why clan identity adapted rather than vanished,"Instead of disappearing, clan identity reshaped itself. Symbolic forms replaced functional ones. Adaptation preserved meaning. Identity remained relevant.",contextual,Cultural adaptation studies,Symbolic identity evolution graphic,medium_high,illustration|contextual
lineage_system,How clan society differed from feudal models,Clan organisation prioritised kinship and allegiance over formal tenure. Feudal systems relied on legal hierarchy. Both coexisted in Scotland. Difference shaped social experience.,contextual,Comparative social history,Clan vs feudal comparison chart,medium_high,illustration|contextual
lineage_system,Why allegiance was practical not symbolic,Allegiance ensured access to land and protection. It was grounded in daily needs rather than ideology. Practical benefits sustained loyalty. Symbolism came later.,contextual,Social history analysis,Everyday life allegiance illustration,medium_high,illustration|contextual
lineage_system,How community mattered more than descent,Community membership defined belonging in practice. Shared work and defence mattered. Descent alone carried less weight. Belonging was lived.,contextual,Community studies,Village life illustration,medium_high,lifestyle|heritage
lineage_system,Why protection and obligation were reciprocal,"Protection required loyalty, and loyalty required protection. The relationship was mutual. Breakdown weakened both sides. Reciprocity sustained structure.",contextual,Kinship obligation studies,Reciprocal arrows diagram,medium_high,illustration|contextual
lineage_system,How authority could be challenged internally,Leaders faced challenge if they failed obligations. Councils and kin pressure limited power. Authority required continual validation. Balance prevented tyranny.,contextual,Governance history,Council challenge scene,medium_high,illustration|contextual
lineage_system,Why consensus preserved long-term stability,Consensus reduced internal conflict. Shared decision-making maintained unity. Stability benefited survival. Agreement was strategic.,contextual,Conflict avoidance studies,Consensus-building illustration,medium_high,illustration|contextual
lineage_system,How kin groups managed succession,Succession planning balanced inheritance and capability. Support from leading families mattered. Smooth transition preserved order. Disruption invited conflict.,contextual,Succession customs,Succession timeline graphic,medium_high,illustration|contextual
lineage_system,Why symbolic leadership grew after dispersal,Dispersal reduced functional authority. Symbolic leadership maintained identity. Representation replaced governance. Meaning shifted with circumstance.,contextual,Diaspora studies,Symbolic leader illustration,medium_high,illustration|contextual
lineage_system,How clan identity became commemorative,Later generations expressed identity through memory and ritual. Commemoration replaced daily function. Identity became reflective. Tradition adapted.,contextual,Heritage studies,Commemorative gathering illustration,medium_high,lifestyle|heritage
lineage_system,Why lineage narratives remain powerful,Lineage narratives offer continuity and belonging. Stories connect past and present. Power lies in meaning rather than accuracy. Narrative sustains identity.,reflective,Cultural narrative studies,Storytelling across generations illustration,medium_high,illustration|contextual
genealogy_context,Why surnames alone rarely prove ancestry,Scottish surnames developed gradually and were shared by many unrelated families. Spelling varied widely before standardisation. Names alone rarely indicate blood relationship. Location and records provide stronger evidence.,informative,Scottish genealogical research practice,Historic parish register with varied surnames,high,archive|detail
genealogy_context,Why Scottish records vary by region,Record keeping developed unevenly across Scotland. Urban and Lowland areas often have denser documentation. Highland and island regions experienced later or disrupted recording. Regional context is essential for interpretation.,contextual,Historical record studies,Map showing record density by region,high,map|historical
genealogy_context,How parish registers developed unevenly,Parish registers were introduced gradually and maintained with varying care. Some gaps reflect local conditions rather than absence of people. Survival depends on storage and use. Registers must be read cautiously.,informative,Ecclesiastical record history,Close-up of early parish register,high,archive|detail
genealogy_context,Why spelling inconsistency is normal,"Before literacy was widespread, names were written phonetically. Clerks recorded what they heard. Spellings could change within a single lifetime. Variation is expected, not exceptional.",informative,Historical linguistics,Multiple spellings highlighted in document,high,archive|detail
genealogy_context,How patronymics worked historically,"Many Scots used patronymic naming, changing surnames each generation. This system reflected family structure rather than permanence. Fixed surnames came later. Understanding patronymics prevents false assumptions.",informative,Historical naming conventions,Diagram of patronymic naming,high,illustration|contextual
genealogy_context,Why surnames changed over generations,"Names altered due to migration, marriage, or clerical recording. Social mobility also influenced naming. Change does not imply loss of identity. Continuity often exists beneath variation.",contextual,Social history of naming,Timeline showing surname evolution,high,illustration|contextual
genealogy_context,How migration complicates genealogy,Movement within Scotland and abroad breaks documentary trails. Migrants often adapted names to new contexts. Records may exist in multiple jurisdictions. Tracing movement is essential.,contextual,Migration history,Map showing migration paths,high,map|historical
genealogy_context,Why records are thinner in the Highlands,"Later adoption of record systems and geographic challenges reduced documentation. Oral tradition often filled gaps. Absence of records reflects conditions, not absence of people. Context matters.",contextual,Highland historical studies,Sparse record map of Highlands,high,map|historical
genealogy_context,How land records support family history,"Leases, rentals, and estate papers record occupancy and relationships. These documents often survive where parish records do not. Land ties anchor families in place. They provide valuable corroboration.",informative,Land tenure history,Estate rent roll document,high,archive|detail
genealogy_context,Why oral history matters cautiously,Family stories preserve memory but can shift over time. Oral accounts provide clues rather than proof. Cross-checking strengthens reliability. Respectful caution preserves value.,contextual,Oral history methodology,Family storytelling scene,medium_high,lifestyle|heritage
genealogy_context,How census records altered research,"Censuses standardised population recording from the 19th century. They provide snapshots rather than full narratives. Errors still occur. Used alongside other sources, they add structure.",informative,Census history,Historic census page,high,archive|detail
genealogy_context,Why women disappear from early records,Legal and social systems recorded men more frequently. Women often appear indirectly through relationships. This reflects documentation bias. Absence does not indicate insignificance.,contextual,Gender and record history,Annotated early record showing omissions,high,archive|detail
genealogy_context,How occupational names spread widely,"Names based on occupation arose independently in many places. Sharing an occupational surname does not imply kinship. Context distinguishes families. Occupation reflects work, not lineage.",informative,Onomastic studies,List of occupational surnames,high,illustration|contextual
genealogy_context,Why shared surnames mislead researchers,Common surnames appear across unrelated families. Geographic clustering is more informative than name alone. Misinterpretation is common. Careful correlation avoids error.,informative,Genealogical best practice,Map showing surname distribution,high,map|historical
genealogy_context,How location anchors genealogy,Place connects records across generations. Tracking location reveals continuity even when names shift. Geography provides stability. Anchoring research spatially reduces uncertainty.,contextual,Historical geography,Map linking families to locations,high,map|historical
genealogy_context,Why church discipline records matter,Church courts recorded moral and social matters. These records name individuals otherwise absent. They offer social context. Such sources complement parish registers.,informative,Ecclesiastical court history,Kirk session record page,high,archive|detail
genealogy_context,How legal records reveal relationships,"Wills, contracts, and disputes document kinship explicitly. Legal necessity preserved detail. These records often survive well. They clarify family structure.",informative,Legal record history,Historic will document,high,archive|detail
genealogy_context,Why DNA complements but does not replace records,"Genetic testing identifies broad connections rather than specific ancestors. Interpretation requires context. Records remain essential for detail. DNA adds probability, not certainty.",contextual,Modern genealogical practice,DNA chart overlaid on family tree,medium_high,illustration|contextual
genealogy_context,How naming customs changed over time,"Naming patterns shifted with religion, fashion, and law. Repetition honoured relatives or patrons. Change reflects culture. Understanding patterns aids interpretation.",contextual,Cultural history,Timeline of naming fashions,high,illustration|contextual
genealogy_context,Why baptismal names repeated frequently,Limited name pools led to repetition within families. Naming honoured elders and saints. This creates apparent duplication. Context distinguishes individuals.,informative,Ecclesiastical naming practice,Baptism register detail,high,archive|detail
genealogy_context,How inheritance records inform lineage,"Inheritance records list relationships and property transfer. They often name spouses, children, and kin. Such documents clarify family structure. They are among the most reliable sources for lineage.",informative,Legal record history,Annotated inheritance document,high,archive|detail
genealogy_context,Why emigration created record gaps,"Departure from Scotland often ended local documentation. Overseas records may be fragmented or inconsistent. Families can vanish from one system and reappear in another. Gaps reflect movement, not disappearance.",contextual,Migration history,Split map showing departure and arrival,high,map|historical
genealogy_context,How poor relief records aid research,Applications for assistance recorded household details. These records name dependants and circumstances. Survival is uneven but valuable. They illuminate everyday lives.,informative,Social welfare history,Poor relief register page,high,archive|detail
genealogy_context,Why estate papers matter genealogically,"Estate papers tracked tenants, rents, and obligations. They often span generations. Such records link families to land. They are crucial where parish records fail.",informative,Estate management history,Estate ledger book,high,archive|detail
genealogy_context,How military records inform ancestry,"Service records list age, birthplace, and next of kin. They capture mobile individuals otherwise unrecorded. Wars generated extensive documentation. Military records bridge gaps.",informative,Military record studies,Regimental muster roll,high,archive|detail
genealogy_context,Why urban records differ from rural ones,Cities produced more varied records due to trade and governance. Mobility was higher. Documentation can be denser but fragmented. Urban context shapes research strategy.,contextual,Urban social history,Historic city record collage,high,archive|detail
genealogy_context,How tenant mobility affects tracing families,Tenancy changes moved families frequently. Names appear briefly in many locations. Mobility complicates continuity. Tracking landlords can reveal patterns.,contextual,Agrarian history,Map showing tenant movement,high,map|historical
genealogy_context,Why boundaries complicate family history,Administrative boundaries changed over time. Records may fall under different jurisdictions. Modern borders mislead. Historical context is essential.,contextual,Administrative history,Boundary change timeline map,high,map|historical
genealogy_context,How family legends form,"Stories emerge from partial memory and repetition. Over time, details sharpen or drift. Legends express identity rather than accuracy. They deserve respectful handling.",reflective,Oral history studies,Family storytelling illustration,medium_high,illustration|contextual
genealogy_context,Why confirmation bias affects genealogy,Researchers may favour evidence supporting expectations. Selective reading distorts conclusions. Awareness improves accuracy. Balanced assessment is essential.,informative,Research methodology,Checklist avoiding bias,high,illustration|contextual
genealogy_context,How record survival shapes conclusions,"What survives shapes what can be known. Loss skews perception. Absence reflects archival fate, not family history. Caution prevents overreach.",contextual,Archival studies,Damaged archive shelves,high,archive|detail
genealogy_context,Why absence of evidence is common,Many lives left little documentary trace. This is normal rather than exceptional. Silence in records has many causes. Interpretation requires restraint.,contextual,Historical demography,Blank register page,high,archive|detail
genealogy_context,How shared names arose independently,Common names developed in multiple places simultaneously. Similarity does not imply relation. Geographic clustering matters more. Context differentiates families.,informative,Onomastic research,Map showing independent name origins,high,map|historical
genealogy_context,Why Scottish genealogy requires patience,Research often advances incrementally. Progress depends on cross-referencing sources. Dead ends are normal. Persistence yields understanding.,reflective,Genealogical practice,Researcher at desk,medium_high,lifestyle|heritage
genealogy_context,How naming conventions differed by era,"Names followed fashion, religion, and law. Certain periods favoured repetition. Others encouraged variety. Dating records aids interpretation.",contextual,Cultural history,Timeline of naming eras,high,illustration|contextual
genealogy_context,Why marriage records are pivotal,Marriage documents link families and locations. They confirm relationships explicitly. Such records anchor lineage. They are key junction points.,informative,Ecclesiastical record history,Marriage register detail,high,archive|detail
genealogy_context,How illegitimacy was recorded historically,Records used varied terminology for non-marital births. Stigma influenced recording. Details may be partial. Context explains omissions.,contextual,Social history,Annotated baptism record,high,archive|detail
genealogy_context,Why female lines are harder to trace,Women’s surnames changed through marriage. Records often identify them indirectly. This reflects documentation bias. Persistence uncovers links.,contextual,Gender history,Marriage and naming diagram,high,illustration|contextual
genealogy_context,How diaspora research diverges from local research,Overseas records follow different conventions. Naming and dating may shift. Matching systems requires adaptation. Context bridges gaps.,contextual,Diaspora genealogy studies,Parallel records comparison,high,illustration|contextual
genealogy_context,Why some lineages appear suddenly,"Records may begin due to migration, tenancy, or record introduction. Apparent emergence reflects documentation change. Context resolves mystery.",contextual,Archival history,Timeline showing record onset,high,illustration|contextual
genealogy_context,How taxation records support ancestry,"Tax rolls recorded households for assessment purposes. These lists often predate regular censuses. They anchor families in place at specific dates. Used carefully, they corroborate other sources.",informative,Fiscal record history,Historic tax roll page,high,archive|detail
genealogy_context,Why spelling standardisation came late,Standard spelling developed alongside education and print. Earlier records reflect speech rather than rules. Variation persisted well into the nineteenth century. Late standardisation complicates tracing.,contextual,Linguistic history,Before-and-after spelling examples,high,illustration|contextual
genealogy_context,How maps support genealogical context,"Maps show boundaries, land use, and settlement patterns. They help interpret where families lived and moved. Cartographic context clarifies records. Geography anchors narrative.",informative,Historical cartography,Historic map with annotations,high,map|historical
genealogy_context,Why genealogical certainty is rare,"Most conclusions rely on probability rather than proof. Records are incomplete and sometimes contradictory. Responsible genealogy accepts uncertainty. Confidence comes from convergence, not absolutes.",reflective,Genealogical methodology,Overlapping evidence diagram,medium_high,illustration|contextual
genealogy_context,How multiple sources build confidence,Independent records supporting the same conclusion strengthen reliability. Corroboration reduces error. Single documents rarely suffice. Method matters more than speed.,informative,Research best practice,Checklist of corroborating sources,high,illustration|contextual
genealogy_context,Why family history is interpretive,Family history combines evidence with judgement. Choices must be made about likelihood and relevance. Interpretation should remain transparent. Narrative grows from evidence.,reflective,Historical interpretation,Research notes becoming narrative,medium_high,illustration|contextual
genealogy_context,How boundaries affect record survival,Records were kept by administrative unit. Boundary changes alter where documents are stored. Modern searches must account for historical jurisdictions. Misalignment obscures evidence.,contextual,Administrative history,Boundary overlay map,high,map|historical
genealogy_context,Why collateral lines matter,"Siblings, cousins, and in-laws appear in records where direct ancestors do not. Tracing collateral lines reveals context. This widens evidence. Indirect paths often unlock progress.",informative,Genealogical strategy,Extended family tree diagram,high,illustration|contextual
genealogy_context,How naming repetition complicates identification,Repeated use of the same given names creates ambiguity. Distinguishing individuals requires dates and places. Context separates identities. Repetition reflects tradition.,informative,Onomastic practice,Same-name individuals highlighted,high,archive|detail
genealogy_context,Why patience underpins credible research,Genealogical work advances through careful accumulation. Rushed conclusions undermine reliability. Patience allows patterns to emerge. Sound research takes time.,reflective,Research practice,Researcher reviewing notes,medium_high,lifestyle|heritage
tartan_textile,How tartans originated as regional cloth,"Early tartans reflected local weaving practices rather than fixed identities. Patterns varied by district, materials, and skill. Cloth was practical before it was symbolic. Regional character shaped early design.",contextual,Textile and social history,Handwoven tartan cloth in natural dyes,high,textile|detail
tartan_textile,Why early tartans varied widely,No single authority regulated tartan design in early periods. Weavers adapted patterns to available yarns and dyes. Variation was expected. Consistency emerged much later.,contextual,Weaving history,Comparison of varied early tartan patterns,high,textile|detail
tartan_textile,How dye availability shaped tartan colours,Colour depended on local plants and minerals. Seasonal availability influenced shade and consistency. Identical patterns could appear different. Material constraints shaped appearance.,informative,Natural dye studies,Natural dye plants beside tartan,high,textile|detail
tartan_textile,Why weaving skill influenced design,Complex patterns required advanced technique. Simpler designs suited everyday use. Skill level affected symmetry and density. Craft shaped visual outcome.,contextual,Craft history,Weaver at loom close-up,high,textile|detail
tartan_textile,How tartans reflected local resources,Wool quality varied by region. Finer yarn allowed tighter patterns. Resource availability influenced durability and colour. Environment shaped cloth.,contextual,Material culture studies,Sheep wool and woven tartan,high,textile|detail
tartan_textile,Why tartans were not originally clan-specific,Early tartans identified locality more than lineage. Shared patterns crossed family boundaries. Clan association developed later. Original use was functional.,contextual,Textile history consensus,Historic tartan garment illustration,high,archive|detail
tartan_textile,How military use standardised tartans,Military uniforms required consistency. Selected patterns became fixed through repeated production. Standardisation followed necessity. Military adoption accelerated formalisation.,informative,Military dress history,Historic regiment in tartan uniform,high,archive|detail
tartan_textile,Why eighteenth-century dress changed tartan meaning,Political and social shifts reframed Highland dress. Tartan moved from daily wear to cultural symbol. Regulation and revival altered perception. Meaning expanded beyond function.,contextual,Eighteenth-century social history,18th-century Highland dress illustration,high,archive|detail
tartan_textile,How industrial weaving altered tartan production,Industrial looms increased output and consistency. Patterns could be reproduced accurately. Production moved beyond local workshops. Scale changed availability.,informative,Industrial textile history,Power loom weaving tartan,high,archive|detail
tartan_textile,Why tartans became symbolic abroad,Distance encouraged symbolic expression of identity. Tartans offered visual continuity. Overseas communities adopted formalised designs. Symbolism intensified outside Scotland.,contextual,Diaspora cultural studies,Diaspora gathering wearing tartan,medium_high,lifestyle|heritage
tartan_textile,How Romanticism reshaped tartan identity,Nineteenth-century Romanticism emphasised heritage and emotion. Tartans became emblematic rather than practical. Literature and art reinforced association. Perception shifted significantly.,contextual,Cultural history,Romantic-era painting with tartan,medium_high,archive|detail
tartan_textile,Why tartan codification occurred late,Formal registers emerged after widespread use. Codification responded to demand for clarity. Earlier practice tolerated variation. Fixity is a modern development.,contextual,Textile regulation history,Tartan pattern book,high,archive|detail
tartan_textile,How pattern registers formalised designs,Registers recorded patterns for reference and protection. Documentation stabilised design. This facilitated reproduction. Registration followed industrialisation.,informative,Tartan registry history,Registered tartan pattern sheet,high,archive|detail
tartan_textile,Why tartans gained ceremonial roles,Ceremony favoured recognisable symbols. Tartans suited public display. Use expanded in formal contexts. Ceremony reinforced meaning.,contextual,Ceremonial dress history,Formal ceremony with tartan,medium_high,lifestyle|heritage
tartan_textile,How textiles expressed regional identity,Patterns communicated place and tradition visually. Regional weaving styles differed subtly. Cloth carried meaning through familiarity. Identity emerged through use.,contextual,Regional textile studies,Regional tartan variations,high,textile|detail
tartan_textile,Why colour carried social meaning,Certain colours implied status due to cost or rarity. Bright dyes required resources. Colour signalled occasion. Meaning evolved with access.,contextual,Social symbolism studies,Colour-rich tartan detail,medium_high,textile|detail
tartan_textile,How tartans entered popular culture,"Art, tourism, and print expanded tartan visibility. Reproduction spread patterns widely. Popular culture simplified complexity. Awareness increased globally.",contextual,Cultural dissemination history,Posters and souvenirs with tartan,medium_high,archive|detail
tartan_textile,Why tartans diversified in the nineteenth century,Increased demand encouraged new designs. Commemorative and institutional tartans appeared. Variety expanded rapidly. Diversity followed popularity.,contextual,Nineteenth-century textile history,Victorian-era tartan samples,high,archive|detail
tartan_textile,How tartans became heritage markers,Tartans came to signify connection rather than use. Wearing tartan expressed affiliation. Meaning shifted toward identity. Heritage framing stabilised symbolism.,reflective,Heritage studies,Modern tartan worn ceremonially,medium_high,lifestyle|heritage
tartan_textile,Why modern tartans continue to evolve,Design responds to contemporary needs and contexts. New tartans reflect modern communities. Evolution maintains relevance. Tradition accommodates change.,reflective,Contemporary textile practice,Modern tartan design process,medium_high,textile|detail
tartan_textile,How tartan symbolism differs by context,"Tartan can signal region, family, institution, or occasion depending on use. Meaning shifts with setting. No single interpretation applies universally. Context shapes symbolism.",contextual,Cultural symbolism studies,Same tartan shown in different contexts,medium_high,illustration|contextual
tartan_textile,Why tartans are both tradition and invention,Tartans draw on inherited practice while allowing new creation. Historical continuity coexists with adaptation. Invention does not negate tradition. Both operate together.,reflective,Heritage theory,Timeline blending old and new tartans,medium_high,illustration|contextual
tartan_textile,How weaving technology shaped tartan output,Hand looms limited width and repetition. Mechanisation expanded scale and consistency. Technology altered design possibilities. Output reflects available tools.,contextual,Textile technology history,Hand loom versus power loom comparison,high,archive|detail
tartan_textile,Why tartan production moved beyond Scotland,Industrial capacity and global demand relocated production. Skilled design travelled with patterns. Manufacture followed markets. Origin and production diverged.,contextual,Industrial and trade history,Global map of tartan production,medium_high,map|historical
tartan_textile,How tartans became international identifiers,Repeated overseas use linked tartan with Scottish identity globally. Visibility reinforced association. International recognition followed repetition. Identity became visual.,contextual,Diaspora cultural studies,International events featuring tartan,medium_high,lifestyle|heritage
tartan_textile,Why tartans are emotionally resonant,"Cloth connects memory, place, and belonging. Wearing tartan can evoke continuity. Emotional meaning exceeds material value. Resonance develops through use.",reflective,Material culture studies,Close-up of tartan worn ceremonially,medium_high,textile|detail
tartan_textile,How cloth differs from symbolic meaning,Material function and symbolic meaning operate separately. Cloth can be practical while also emblematic. Confusion arises when roles blur. Distinction clarifies discussion.,contextual,Material culture analysis,Split image: fabric vs symbol,high,illustration|contextual
tartan_textile,Why tartans were revived after suppression,Periods of restriction heightened later revival. Suppression altered context rather than eliminating practice. Revival reinterpreted meaning. Memory shaped return.,contextual,Eighteenth-century history,Revival-era Highland dress illustration,high,archive|detail
tartan_textile,How dress reform influenced tartan use,Changing fashion integrated tartan into formal and casual wear. Reform broadened audience. Tartan adapted to new garments. Use diversified.,contextual,Fashion history,Victorian dress reform examples,medium_high,archive|detail
tartan_textile,Why tartans were adapted for uniforms,Uniforms required clear identification and durability. Tartan provided distinction. Adaptation balanced symbolism and function. Military use reinforced visibility.,contextual,Military dress history,Uniform adaptation sketches,high,archive|detail
tartan_textile,How tartan myths developed,Simplified narratives emerged through repetition. Myth offered clarity and appeal. Complexity was reduced for storytelling. Understanding origins contextualises belief.,contextual,Cultural narrative studies,Myth vs history comparison graphic,medium_high,illustration|contextual
tartan_textile,Why tartan authenticity debates arose,Codification encouraged questions of legitimacy. Competing authorities emerged. Debate reflects modern desire for certainty. Earlier practice accepted variation.,contextual,Heritage discourse,Contrasting tartan registers,medium_high,archive|detail
tartan_textile,How tartans differ from other plaids,Tartan follows set repeat patterns with specific structure. Plaids describe broader checked textiles. Distinction is technical rather than hierarchical. Terminology matters.,informative,Textile classification studies,Tartan vs plaid comparison,high,textile|detail
tartan_textile,Why tartans became commemorative,"Tartans marked events, institutions, and remembrance. Commemoration extended use beyond lineage. New meanings layered onto old forms. Purpose evolved.",contextual,Commemorative practice studies,Commemorative tartan display,medium_high,lifestyle|heritage
tartan_textile,How tartans relate to weaving traditions,Tartan is one expression within wider weaving practice. Techniques overlap with other textiles. Understanding craft situates tartan historically. Context enriches appreciation.,contextual,Weaving tradition history,Weaving pattern diagrams,high,textile|detail
tartan_textile,Why tartans are registered today,Registers provide reference and prevent duplication. Modern registration reflects administrative need. It formalises contemporary practice. Registration does not define legitimacy.,contextual,Modern textile administration,Tartan registry interface illustration,high,illustration|contextual
tartan_textile,How tartan design balances tradition and choice,Designers reference established forms while introducing variation. Choice reflects context and intent. Balance maintains continuity. Design remains flexible.,reflective,Design practice studies,Designer sketching tartan,medium_high,textile|detail
tartan_textile,Why tartans are not fixed artefacts,Patterns evolve through use and reinterpretation. Fixity is imposed rather than inherent. Change sustains relevance. Tartan remains dynamic.,reflective,Heritage studies,Evolving tartan timeline,medium_high,illustration|contextual
tartan_textile,How tartans express belonging symbolically,Wearing tartan signals connection rather than proof. Symbolic belonging operates socially. Meaning depends on recognition. Expression is relational.,reflective,Symbolic interaction studies,People wearing tartan in community,medium_high,lifestyle|heritage
tartan_textile,Why tartans endure culturally,Adaptability and visibility sustain tartan’s presence. Use across settings reinforces familiarity. Endurance reflects flexibility. Cultural meaning remains open.,reflective,Cultural persistence studies,Historic to modern tartan montage,medium_high,illustration|contextual
tartan_textile,Why tartans are both local and global,Tartans originated in local contexts but gained global recognition through migration and media. Local meaning and global symbolism now coexist. Neither replaces the other. Scale reshaped significance.,contextual,Cultural diffusion studies,Local weaving contrasted with global display,medium_high,illustration|contextual
tartan_textile,How commemorative tartans differ from historical cloth,Commemorative tartans are designed to mark events or institutions. Their purpose is symbolic rather than practical. This differs from early cloth traditions. Meaning follows intent.,contextual,Commemorative design history,Modern commemorative tartan example,medium_high,textile|detail
tartan_textile,Why tartan authenticity is a modern concern,Historical practice tolerated variation and change. Modern systems encourage classification and verification. Authenticity debates reflect contemporary values. Earlier users focused on function.,contextual,Heritage discourse,Historic cloth beside registry entry,medium_high,illustration|contextual
tartan_textile,How tartans moved from everyday wear to ceremony,Industrial clothing reduced daily tartan use. Ceremony preserved visibility. Context shifted from work to display. Meaning adapted accordingly.,contextual,Dress history,Everyday vs ceremonial tartan clothing,high,archive|detail
tartan_textile,Why tartan symbolism differs by generation,"Older generations may emphasise lived use, while younger ones encounter tartan symbolically. Experience shapes interpretation. Meaning is not static. Generational context matters.",reflective,Cultural studies,Multi-generation tartan use montage,medium_high,lifestyle|heritage
tartan_textile,How tartan connects craft and identity,Craft knowledge underpins tartan’s visual language. Identity emerges through making and wearing. Connection lies in process as much as pattern. Craft sustains meaning.,reflective,Craft studies,Weaver creating tartan cloth,high,textile|detail
tartan_textile,Why tartans remain adaptable symbols,Adaptability allows tartans to serve new contexts. Flexibility prevents obsolescence. Change supports continuity. Symbolism remains open-ended.,reflective,Symbolic studies,Modern reinterpretation of tartan,medium_high,illustration|contextual
tartan_textile,How tartan use signals occasion,"Different settings invite different forms of dress. Tartan adapts to formal, informal, and commemorative use. Occasion shapes expression. Use communicates context.",contextual,Dress etiquette history,Tartan worn in varied settings,medium_high,lifestyle|heritage
tartan_textile,Why tartan design invites participation,Design processes allow communities to express connection. Participation reinforces belonging. Creation is as meaningful as adoption. Design enables inclusion.,reflective,Participatory design studies,Community designing tartan,medium_high,lifestyle|heritage
tartan_textile,How tartan symbolism remains negotiable,"Meaning is shaped by use, audience, and intent. No single authority fixes interpretation. Negotiation sustains relevance. Openness supports longevity.",contextual,Semiotic studies,Dialogue icons over tartan fabric,medium_high,illustration|contextual
myth_context_lineage,Not all Scots historically belonged to clans,"Clan systems developed unevenly across Scotland and were strongest in certain regions. Many Lowland and urban communities organised life through burghs, parishes, or feudal ties instead. Later narratives often extend clan identity to all Scots. Historically, social organisation was more varied.",contextual,General historical consensus,Map contrasting clan and non-clan regions,medium,illustration|contextual
myth_context_lineage,Clan identity was historically flexible,"Clan affiliation could change with residence, marriage, or protection. People aligned where security and opportunity existed. Fixed, lifelong affiliation is a later assumption. Flexibility helped communities endure change.",contextual,Social history of clan society,Flow diagram of changing affiliations,medium,illustration|contextual
myth_context_lineage,Tartans were not ancient clan uniforms,Early tartans reflected regional weaving rather than fixed clan identity. Uniform association developed later through military and ceremonial use. Earlier practice tolerated variation. Codified uniforms are a modern development.,contextual,Textile and military history,Historic cloth contrasted with uniform,medium,illustration|contextual
myth_context_lineage,Surnames did not define kinship,"Shared surnames often arose independently in different places. Close relatives could use different names over time. Kinship relied on social ties more than labels. Names followed practice, not lineage.",contextual,Onomastic studies,Surname distribution map,medium,map|historical
myth_context_lineage,Clans were not constant family units,Clans expanded and contracted as circumstances changed. Absorption and alliance were common. Membership shifted over generations. Permanence is a retrospective idea.,contextual,Regional historical studies,Timeline of clan change,medium,illustration|contextual
myth_context_lineage,Highland culture was not uniform,"The Highlands contained coastal, island, and inland societies with distinct economies and customs. Later imagery often smooths these differences. Diversity characterised lived experience.",contextual,Regional cultural studies,Map showing Highland subregions,medium,map|historical
myth_context_lineage,Clan conflict was not perpetual,"Feuds occurred but were episodic. Daily life focused on farming, trade, and family. Cooperation was more common than conflict. Constant warfare is an exaggerated narrative.",contextual,Social history,Everyday rural life illustration,medium,lifestyle|heritage
myth_context_lineage,Clan loyalty was often practical,Allegiance offered protection and access to land. Loyalty followed leadership effectiveness. Practical needs shaped affiliation. Ideological loyalty came later.,contextual,Political and social history,Oath or pledge illustration,medium,illustration|contextual
myth_context_lineage,Clan identity changed across generations,"Each generation interpreted identity differently. Memory, circumstance, and place influenced meaning. Identity evolved rather than remaining fixed. Change was normal.",reflective,Cultural memory studies,Generational identity montage,medium,illustration|contextual
myth_context_lineage,Clan systems differed regionally,Geography and politics shaped local organisation. Island clans differed from inland ones. Border regions followed other models. No single system applied everywhere.,contextual,Comparative regional history,Regional comparison map,medium,map|historical
myth_context_lineage,Lowland Scotland followed other models,Lowland communities often organised through burghs and feudal ties. Kinship mattered but operated differently. Clan structures were one option among many.,contextual,Lowland social history,Town and countryside illustration,medium,illustration|contextual
myth_context_lineage,Clans were not isolated communities,"Trade, marriage, and travel connected clans widely. Interaction with neighbours was constant. Isolation is overstated in later depictions. Networks extended far.",contextual,Economic and social history,Trade routes linking regions,medium,map|historical
myth_context_lineage,Clan chiefs did not rule absolutely,Chiefs depended on consensus and support from leading families. Authority could be challenged. Power was negotiated rather than imposed. Balance maintained stability.,contextual,Governance studies,Council scene illustration,medium,illustration|contextual
myth_context_lineage,Tartan meaning developed over time,Symbolic association accumulated gradually through use and repetition. Early wear carried practical meaning. Later contexts added identity symbolism. Meaning layered over time.,contextual,Cultural history,Timeline of tartan meaning,medium,illustration|contextual
myth_context_lineage,Scottish identity was not static,"Identity shifted with political, economic, and cultural change. Different periods emphasised different markers. Continuity existed alongside adaptation.",reflective,Identity studies,Historic to modern identity montage,medium,illustration|contextual
myth_context_lineage,Romantic imagery shaped modern assumptions,Nineteenth-century literature and art emphasised emotion and spectacle. These depictions influenced later understanding. Romantic framing simplified complexity.,contextual,Cultural history,Romantic painting contrasted with record,medium,archive|detail
myth_context_lineage,Clan traditions were adapted later,Many practices associated with clans were formalised after disruption. Adaptation preserved meaning in new contexts. Tradition often followed change.,contextual,Heritage studies,Adapted tradition illustration,medium,illustration|contextual
myth_context_lineage,Heritage narratives simplify complexity,Stories compress complex histories into accessible forms. Simplification aids transmission but omits detail. Context restores nuance.,contextual,Narrative studies,Layered narrative graphic,medium,illustration|contextual
myth_context_lineage,Clan memory differs from history,Memory preserves meaning rather than detail. Historical records prioritise evidence. Both contribute differently to understanding. Neither replaces the other.,reflective,Memory and history studies,Memory vs record illustration,medium,illustration|contextual
myth_context_lineage,Tradition often followed disruption,Periods of upheaval prompted redefinition of identity. Traditions were reshaped to maintain continuity. Disruption and tradition are linked.,contextual,Social change history,Before-and-after disruption graphic,medium,illustration|contextual
myth_context_lineage,Modern clan identity is largely symbolic,"In contemporary contexts, clan identity functions primarily as a symbol of connection rather than a social system. It expresses affiliation and interest rather than obligation. This shift reflects historical change. Symbolic identity allows broad participation.",contextual,Contemporary heritage studies,Modern clan gathering imagery,medium,lifestyle|heritage
myth_context_lineage,Historical belonging was situational,"Belonging depended on circumstance such as residence, protection, and work. People emphasised different affiliations at different times. Fixed identity is a modern expectation. Situational belonging was practical.",contextual,Social history consensus,Layered identity diagram,medium,illustration|contextual
myth_context_lineage,Clans were not closed by blood,"Entry into clans could occur through service, marriage, or settlement. Blood descent was not the sole criterion. Openness strengthened resilience. Closure is a later interpretation.",contextual,Clan social structure studies,Open network clan illustration,medium,illustration|contextual
myth_context_lineage,Clan identity survived through adaptation,"Rather than disappearing, clan identity reshaped itself in response to change. Functions shifted from governance to memory. Adaptation preserved relevance. Survival followed flexibility.",contextual,Cultural adaptation research,Identity evolution timeline,medium,illustration|contextual
myth_context_lineage,Clan myths persist because they resonate,Myths endure when they offer meaning and continuity. Resonance matters more than precision. Repetition reinforces belief. Understanding origin explains persistence.,reflective,Cultural narrative studies,Echoing story motif illustration,medium,illustration|contextual
myth_context_lineage,Lineage stories change with retelling,Stories evolve as they pass between generations. Emphasis shifts to reflect present needs. Variation is expected. Change keeps narratives alive.,reflective,Oral tradition studies,Story passed across generations,medium,illustration|contextual
myth_context_lineage,Identity narratives evolved abroad,Migration reshaped how lineage was understood and expressed. Distance encouraged symbolic clarity. Overseas narratives developed independently. Evolution reflects context.,contextual,Diaspora studies,Overseas heritage gathering,medium,lifestyle|heritage
myth_context_lineage,Heritage meanings are layered,Different periods added meaning to the same symbols. Layers coexist rather than replace each other. Understanding depth restores nuance. Heritage accumulates.,contextual,Heritage interpretation,Layered timeline graphic,medium,illustration|contextual
diaspora_connection,Why Scottish identity evolved overseas,Migration carried Scottish traditions into new environments where they adapted to local conditions. Distance encouraged symbolic expressions of belonging. Identity became more intentional. Overseas forms reflect continuity through change.,contextual,Diaspora cultural studies,Historic emigrant departure contrasted with modern gathering,medium,lifestyle|heritage
diaspora_connection,How clans became symbolic abroad,"Outside Scotland, clan identity shifted from social structure to emblem. Symbols replaced governance. This change allowed broad participation. Symbolic clans provided connection without obligation.",contextual,Diaspora history,Clan banners at overseas event,medium,lifestyle|heritage
diaspora_connection,Why diaspora traditions differ from local ones,Traditions carried abroad adapted to new social settings. Some practices froze in time while others evolved rapidly. Difference reflects context rather than error. Variation is expected.,contextual,Cultural transmission studies,Side-by-side local and diaspora customs,medium,illustration|contextual
diaspora_connection,How distance shaped heritage expression,Physical separation encouraged simplified symbols of identity. Distance reduced access to everyday context. Expression became more deliberate. Heritage condensed into recognisable forms.,reflective,Migration studies,Map showing distance and symbols,medium,map|historical
diaspora_connection,Why return journeys carry meaning,Visits to Scotland often represent emotional reconnection rather than discovery. Place confirms imagined identity. Meaning lies in experience. Return journeys reinforce continuity.,reflective,Heritage tourism studies,Visitor overlooking Scottish landscape,medium,lifestyle|heritage
diaspora_connection,How memory shaped diaspora identity,Shared memory preserved connection when geography was distant. Stories and rituals maintained cohesion. Memory bridged generations. Identity lived through remembrance.,reflective,Memory studies,Family sharing stories across generations,medium,lifestyle|heritage
diaspora_connection,Why clan symbols unified migrants,Shared symbols offered cohesion in unfamiliar environments. Visibility created community recognition. Symbols reduced isolation. Unity emerged through shared signs.,contextual,Migration community studies,Clan symbols in migrant community,medium,lifestyle|heritage
diaspora_connection,How community replaced geography abroad,Overseas communities organised identity around association rather than place. Clubs and societies substituted for territory. Community became the anchor. Structure adapted to context.,contextual,Diaspora social history,Early Scottish society meeting abroad,medium,archive|detail
diaspora_connection,Why Highland imagery dominated overseas,"Highland imagery offered clear visual identity. Romantic narratives reinforced appeal. Simplification aided recognition. Dominance reflects visibility, not completeness.",contextual,Cultural representation studies,Highland imagery in overseas parade,medium,archive|detail
diaspora_connection,How Scottish identity adapted globally,Different regions emphasised different aspects of heritage. Adaptation reflected local values. No single overseas model exists. Identity diversified internationally.,contextual,Global diaspora studies,World map with varied Scottish communities,medium,map|historical
diaspora_connection,Why diaspora traditions feel fixed,Distance limited exposure to change in Scotland. Traditions abroad often stabilised earlier forms. Fixity reflects separation. Change later resumed independently.,contextual,Cultural continuity studies,Frozen-in-time tradition illustration,medium,illustration|contextual
diaspora_connection,How belonging works symbolically,Belonging abroad relied on recognition rather than proximity. Symbols signalled shared understanding. Participation mattered more than proof. Belonging was relational.,reflective,Symbolic interaction studies,People recognising shared symbols,medium,illustration|contextual
diaspora_connection,Why heritage matters emotionally,Heritage connects people to imagined pasts and futures. Emotional meaning motivates preservation. Feeling often precedes understanding. Emotion sustains engagement.,reflective,Cultural psychology,Emotional moment at heritage event,medium,lifestyle|heritage
diaspora_connection,How traditions were simplified abroad,Complex practices were condensed for transmission. Simplification aided teaching and repetition. Detail was reduced but meaning retained. Function followed need.,contextual,Transmission studies,Simplified ritual illustration,medium,illustration|contextual
diaspora_connection,Why shared symbols mattered overseas,Symbols created immediate recognition among migrants. Shared signs enabled trust. Visibility built networks. Symbols substituted for shared place.,contextual,Migration sociology,Shared symbol recognition scene,medium,illustration|contextual
diaspora_connection,How diaspora communities preserved memory,"Clubs, churches, and gatherings maintained continuity. Collective memory substituted for geography. Preservation required effort. Community sustained identity.",contextual,Community history,Historic diaspora club photograph,medium,archive|detail
diaspora_connection,Why heritage festivals emerged,Festivals concentrated expression into public events. Visibility reinforced identity. Celebration encouraged transmission. Festivals created continuity.,contextual,Festival studies,Diaspora heritage festival scene,medium,lifestyle|heritage
diaspora_connection,How migration reshaped identity,Migration required renegotiation of belonging. Identity blended old and new contexts. Adaptation was continuous. Change reflected survival.,contextual,Migration theory,Identity blending illustration,medium,illustration|contextual
diaspora_connection,Why clan identity persists internationally,Clan identity offers structure and symbolism abroad. It simplifies connection. Persistence reflects usefulness. Meaning adapted to context.,contextual,Diaspora heritage studies,Clan affiliation display overseas,medium,lifestyle|heritage
diaspora_connection,How Scottishness became performative abroad,Public display helped assert identity in multicultural settings. Performance communicated belonging. Expression adapted to audience. Visibility reinforced recognition.,contextual,Performance studies,Stage performance of Scottish tradition abroad,medium,lifestyle|heritage
diaspora_connection,How heritage can be chosen,"Connection to heritage is not limited to inheritance alone. Many people engage through interest, learning, or community. Choice plays a role alongside descent. Participation shapes belonging.",reflective,Heritage participation studies,People engaging in heritage activities,medium,lifestyle|heritage
diaspora_connection,Why connection does not require proof,"Belonging abroad often rests on shared meaning rather than documentation. Demands for proof emerged later. Historically, participation mattered more than verification. Openness sustains community.",contextual,Social inclusion studies,Open circle of participants,medium,illustration|contextual
diaspora_connection,How heritage invites participation,Heritage traditions encourage involvement through events and learning. Invitation precedes mastery. Engagement grows gradually. Participation keeps traditions alive.,reflective,Community heritage studies,Workshop or learning setting,medium,lifestyle|heritage
diaspora_connection,Why diaspora narratives form independently,Overseas communities developed their own stories and emphases. Distance allowed reinterpretation. Narratives responded to local experience. Independence reflects adaptation.,contextual,Narrative formation studies,Parallel timelines graphic,medium,illustration|contextual
diaspora_connection,How multiple identities coexist,"People hold layered identities shaped by place, ancestry, and experience. Scottish identity abroad often sits alongside others. Coexistence is normal. Identity is additive.",reflective,Identity studies,Overlapping identity circles,medium,illustration|contextual
diaspora_connection,Why symbolic belonging endures,Symbols provide continuity when geography is distant. Endurance reflects usefulness rather than accuracy. Symbolic belonging adapts easily. Longevity follows meaning.,reflective,Symbolic culture studies,Symbol repeated across generations,medium,illustration|contextual
diaspora_connection,How heritage bridges distance,Heritage practices connect people across time and place. Shared reference points reduce distance. Practice sustains connection. Bridging occurs through repetition.,reflective,Cultural continuity studies,Split-location heritage activity,medium,illustration|contextual
diaspora_connection,Why diaspora identity remains dynamic,Identity abroad continues to evolve with new generations. Each cohort reinterprets meaning. Change reflects living culture. Dynamism prevents stagnation.,contextual,Generational studies,Generations interacting at event,medium,lifestyle|heritage
